
> nextn@0.1.24 build
> next build

 ⚠ You are using a non-standard "NODE_ENV" value in your environment. This creates inconsistencies in the project and is strongly advised against. Read more: https://nextjs.org/docs/messages/non-standard-node-env
  ▲ Next.js 14.2.35

   Creating an optimized production build ...
 ✓ Compiled successfully
   Skipping validation of types
   Skipping linting
   Collecting page data ...
   Generating static pages (0/50) ...
Error: <Html> should not be imported outside of pages/_document.
Read more: https://nextjs.org/docs/messages/no-document-import-in-page
    at Q (/app/applet/node_modules/next/dist/compiled/next-server/pages.runtime.prod.js:16:5430)
    at I (/app/applet/.next/server/chunks/1682.js:6:1263)
    at renderWithHooks (/app/applet/node_modules/react-dom/cjs/react-dom-server.browser.development.js:5658:16)
    at renderIndeterminateComponent (/app/applet/node_modules/react-dom/cjs/react-dom-server.browser.development.js:5732:15)
    at renderElement (/app/applet/node_modules/react-dom/cjs/react-dom-server.browser.development.js:5957:7)
    at renderNodeDestructiveImpl (/app/applet/node_modules/react-dom/cjs/react-dom-server.browser.development.js:6115:11)
    at renderNodeDestructive (/app/applet/node_modules/react-dom/cjs/react-dom-server.browser.development.js:6087:14)
    at finishClassComponent (/app/applet/node_modules/react-dom/cjs/react-dom-server.browser.development.js:5688:3)
    at renderClassComponent (/app/applet/node_modules/react-dom/cjs/react-dom-server.browser.development.js:5696:3)
    at renderElement (/app/applet/node_modules/react-dom/cjs/react-dom-server.browser.development.js:5954:7)

Error occurred prerendering page "/500". Read more: https://nextjs.org/docs/messages/prerender-error

Error: <Html> should not be imported outside of pages/_document.
Read more: https://nextjs.org/docs/messages/no-document-import-in-page
    at Q (/app/applet/node_modules/next/dist/compiled/next-server/pages.runtime.prod.js:16:5430)
    at I (/app/applet/.next/server/chunks/1682.js:6:1263)
    at renderWithHooks (/app/applet/node_modules/react-dom/cjs/react-dom-server.browser.development.js:5658:16)
    at renderIndeterminateComponent (/app/applet/node_modules/react-dom/cjs/react-dom-server.browser.development.js:5732:15)
    at renderElement (/app/applet/node_modules/react-dom/cjs/react-dom-server.browser.development.js:5957:7)
    at renderNodeDestructiveImpl (/app/applet/node_modules/react-dom/cjs/react-dom-server.browser.development.js:6115:11)
    at renderNodeDestructive (/app/applet/node_modules/react-dom/cjs/react-dom-server.browser.development.js:6087:14)
    at finishClassComponent (/app/applet/node_modules/react-dom/cjs/react-dom-server.browser.development.js:5688:3)
    at renderClassComponent (/app/applet/node_modules/react-dom/cjs/react-dom-server.browser.development.js:5696:3)
    at renderElement (/app/applet/node_modules/react-dom/cjs/react-dom-server.browser.development.js:5954:7)
TypeError: Cannot read properties of null (reading 'useContext')
    at t.useContext (/app/applet/node_modules/next/dist/compiled/next-server/app-page.runtime.prod.js:12:109421)
    at d (/app/applet/.next/server/chunks/6204.js:1:23125)
    at h (/app/applet/.next/server/chunks/6204.js:1:15027)
    at au (/app/applet/node_modules/next/dist/compiled/next-server/app-page.runtime.dev.js:35:10446)
    at /app/applet/node_modules/next/dist/compiled/next-server/app-page.runtime.dev.js:35:15122
    at aw (/app/applet/node_modules/next/dist/compiled/next-server/app-page.runtime.dev.js:35:16908)
    at a_ (/app/applet/node_modules/next/dist/compiled/next-server/app-page.runtime.dev.js:35:49776)
    at ab (/app/applet/node_modules/next/dist/compiled/next-server/app-page.runtime.dev.js:35:11808)
    at /app/applet/node_modules/next/dist/compiled/next-server/app-page.runtime.dev.js:35:16871
    at aw (/app/applet/node_modules/next/dist/compiled/next-server/app-page.runtime.dev.js:35:16908) {
  digest: '180245566'
}
TypeError: Cannot read properties of null (reading 'useContext')
    at t.useContext (/app/applet/node_modules/next/dist/compiled/next-server/app-page.runtime.prod.js:12:109421)
    at d (/app/applet/.next/server/chunks/6204.js:1:23125)
    at h (/app/applet/.next/server/chunks/6204.js:1:15027)
    at au (/app/applet/node_modules/next/dist/compiled/next-server/app-page.runtime.dev.js:35:10446)
    at /app/applet/node_modules/next/dist/compiled/next-server/app-page.runtime.dev.js:35:15122
    at aw (/app/applet/node_modules/next/dist/compiled/next-server/app-page.runtime.dev.js:35:16908)
    at a_ (/app/applet/node_modules/next/dist/compiled/next-server/app-page.runtime.dev.js:35:49776)
    at ab (/app/applet/node_modules/next/dist/compiled/next-server/app-page.runtime.dev.js:35:11808)
    at /app/applet/node_modules/next/dist/compiled/next-server/app-page.runtime.dev.js:35:16871
    at aw (/app/applet/node_modules/next/dist/compiled/next-server/app-page.runtime.dev.js:35:16908)

Error occurred prerendering page "/_not-found". Read more: https://nextjs.org/docs/messages/prerender-error

TypeError: Cannot read properties of null (reading 'useContext')
    at t.useContext (/app/applet/node_modules/next/dist/compiled/next-server/app-page.runtime.prod.js:12:109421)
    at d (/app/applet/.next/server/chunks/6204.js:1:23125)
    at h (/app/applet/.next/server/chunks/6204.js:1:15027)
    at au (/app/applet/node_modules/next/dist/compiled/next-server/app-page.runtime.dev.js:35:10446)
    at /app/applet/node_modules/next/dist/compiled/next-server/app-page.runtime.dev.js:35:15122
    at aw (/app/applet/node_modules/next/dist/compiled/next-server/app-page.runtime.dev.js:35:16908)
    at a_ (/app/applet/node_modules/next/dist/compiled/next-server/app-page.runtime.dev.js:35:49776)
    at ab (/app/applet/node_modules/next/dist/compiled/next-server/app-page.runtime.dev.js:35:11808)
    at /app/applet/node_modules/next/dist/compiled/next-server/app-page.runtime.dev.js:35:16871
    at aw (/app/applet/node_modules/next/dist/compiled/next-server/app-page.runtime.dev.js:35:16908)
Error: <Html> should not be imported outside of pages/_document.
Read more: https://nextjs.org/docs/messages/no-document-import-in-page
    at Q (/app/applet/node_modules/next/dist/compiled/next-server/pages.runtime.prod.js:16:5430)
    at I (/app/applet/.next/server/chunks/1682.js:6:1263)
    at renderWithHooks (/app/applet/node_modules/react-dom/cjs/react-dom-server.browser.development.js:5658:16)
    at renderIndeterminateComponent (/app/applet/node_modules/react-dom/cjs/react-dom-server.browser.development.js:5732:15)
    at renderElement (/app/applet/node_modules/react-dom/cjs/react-dom-server.browser.development.js:5957:7)
    at renderNodeDestructiveImpl (/app/applet/node_modules/react-dom/cjs/react-dom-server.browser.development.js:6115:11)
    at renderNodeDestructive (/app/applet/node_modules/react-dom/cjs/react-dom-server.browser.development.js:6087:14)
    at finishClassComponent (/app/applet/node_modules/react-dom/cjs/react-dom-server.browser.development.js:5688:3)
    at renderClassComponent (/app/applet/node_modules/react-dom/cjs/react-dom-server.browser.development.js:5696:3)
    at renderElement (/app/applet/node_modules/react-dom/cjs/react-dom-server.browser.development.js:5954:7)

Error occurred prerendering page "/404". Read more: https://nextjs.org/docs/messages/prerender-error

Error: <Html> should not be imported outside of pages/_document.
Read more: https://nextjs.org/docs/messages/no-document-import-in-page
    at Q (/app/applet/node_modules/next/dist/compiled/next-server/pages.runtime.prod.js:16:5430)
    at I (/app/applet/.next/server/chunks/1682.js:6:1263)
    at renderWithHooks (/app/applet/node_modules/react-dom/cjs/react-dom-server.browser.development.js:5658:16)
    at renderIndeterminateComponent (/app/applet/node_modules/react-dom/cjs/react-dom-server.browser.development.js:5732:15)
    at renderElement (/app/applet/node_modules/react-dom/cjs/react-dom-server.browser.development.js:5957:7)
    at renderNodeDestructiveImpl (/app/applet/node_modules/react-dom/cjs/react-dom-server.browser.development.js:6115:11)
    at renderNodeDestructive (/app/applet/node_modules/react-dom/cjs/react-dom-server.browser.development.js:6087:14)
    at finishClassComponent (/app/applet/node_modules/react-dom/cjs/react-dom-server.browser.development.js:5688:3)
    at renderClassComponent (/app/applet/node_modules/react-dom/cjs/react-dom-server.browser.development.js:5696:3)
    at renderElement (/app/applet/node_modules/react-dom/cjs/react-dom-server.browser.development.js:5954:7)
TypeError: Cannot read properties of null (reading 'useContext')
    at t.useContext (/app/applet/node_modules/next/dist/compiled/next-server/app-page.runtime.prod.js:12:109421)
    at d (/app/applet/.next/server/chunks/6204.js:1:23125)
    at h (/app/applet/.next/server/chunks/6204.js:1:15027)
    at au (/app/applet/node_modules/next/dist/compiled/next-server/app-page.runtime.dev.js:35:10446)
    at /app/applet/node_modules/next/dist/compiled/next-server/app-page.runtime.dev.js:35:15122
    at aw (/app/applet/node_modules/next/dist/compiled/next-server/app-page.runtime.dev.js:35:16908)
    at a_ (/app/applet/node_modules/next/dist/compiled/next-server/app-page.runtime.dev.js:35:49776)
    at ab (/app/applet/node_modules/next/dist/compiled/next-server/app-page.runtime.dev.js:35:11808)
    at /app/applet/node_modules/next/dist/compiled/next-server/app-page.runtime.dev.js:35:16871
    at aw (/app/applet/node_modules/next/dist/compiled/next-server/app-page.runtime.dev.js:35:16908) {
  digest: '180245566'
}
TypeError: Cannot read properties of null (reading 'useContext')
    at t.useContext (/app/applet/node_modules/next/dist/compiled/next-server/app-page.runtime.prod.js:12:109421)
    at d (/app/applet/.next/server/chunks/6204.js:1:23125)
    at h (/app/applet/.next/server/chunks/6204.js:1:15027)
    at au (/app/applet/node_modules/next/dist/compiled/next-server/app-page.runtime.dev.js:35:10446)
    at /app/applet/node_modules/next/dist/compiled/next-server/app-page.runtime.dev.js:35:15122
    at aw (/app/applet/node_modules/next/dist/compiled/next-server/app-page.runtime.dev.js:35:16908)
    at a_ (/app/applet/node_modules/next/dist/compiled/next-server/app-page.runtime.dev.js:35:49776)
    at ab (/app/applet/node_modules/next/dist/compiled/next-server/app-page.runtime.dev.js:35:11808)
    at /app/applet/node_modules/next/dist/compiled/next-server/app-page.runtime.dev.js:35:16871
    at aw (/app/applet/node_modules/next/dist/compiled/next-server/app-page.runtime.dev.js:35:16908)

Error occurred prerendering page "/dashboard/agency-registration/print". Read more: https://nextjs.org/docs/messages/prerender-error

TypeError: Cannot read properties of null (reading 'useContext')
    at t.useContext (/app/applet/node_modules/next/dist/compiled/next-server/app-page.runtime.prod.js:12:109421)
    at d (/app/applet/.next/server/chunks/6204.js:1:23125)
    at h (/app/applet/.next/server/chunks/6204.js:1:15027)
    at au (/app/applet/node_modules/next/dist/compiled/next-server/app-page.runtime.dev.js:35:10446)
    at /app/applet/node_modules/next/dist/compiled/next-server/app-page.runtime.dev.js:35:15122
    at aw (/app/applet/node_modules/next/dist/compiled/next-server/app-page.runtime.dev.js:35:16908)
    at a_ (/app/applet/node_modules/next/dist/compiled/next-server/app-page.runtime.dev.js:35:49776)
    at ab (/app/applet/node_modules/next/dist/compiled/next-server/app-page.runtime.dev.js:35:11808)
    at /app/applet/node_modules/next/dist/compiled/next-server/app-page.runtime.dev.js:35:16871
    at aw (/app/applet/node_modules/next/dist/compiled/next-server/app-page.runtime.dev.js:35:16908)
TypeError: Cannot read properties of null (reading 'useContext')
    at t.useContext (/app/applet/node_modules/next/dist/compiled/next-server/app-page.runtime.prod.js:12:109421)
    at d (/app/applet/.next/server/chunks/6204.js:1:23125)
    at h (/app/applet/.next/server/chunks/6204.js:1:15027)
    at au (/app/applet/node_modules/next/dist/compiled/next-server/app-page.runtime.dev.js:35:10446)
    at /app/applet/node_modules/next/dist/compiled/next-server/app-page.runtime.dev.js:35:15122
    at aw (/app/applet/node_modules/next/dist/compiled/next-server/app-page.runtime.dev.js:35:16908)
    at a_ (/app/applet/node_modules/next/dist/compiled/next-server/app-page.runtime.dev.js:35:49776)
    at ab (/app/applet/node_modules/next/dist/compiled/next-server/app-page.runtime.dev.js:35:11808)
    at /app/applet/node_modules/next/dist/compiled/next-server/app-page.runtime.dev.js:35:16871
    at aw (/app/applet/node_modules/next/dist/compiled/next-server/app-page.runtime.dev.js:35:16908) {
  digest: '180245566'
}
TypeError: Cannot read properties of null (reading 'useContext')
    at t.useContext (/app/applet/node_modules/next/dist/compiled/next-server/app-page.runtime.prod.js:12:109421)
    at d (/app/applet/.next/server/chunks/6204.js:1:23125)
    at h (/app/applet/.next/server/chunks/6204.js:1:15027)
    at au (/app/applet/node_modules/next/dist/compiled/next-server/app-page.runtime.dev.js:35:10446)
    at /app/applet/node_modules/next/dist/compiled/next-server/app-page.runtime.dev.js:35:15122
    at aw (/app/applet/node_modules/next/dist/compiled/next-server/app-page.runtime.dev.js:35:16908)
    at a_ (/app/applet/node_modules/next/dist/compiled/next-server/app-page.runtime.dev.js:35:49776)
    at ab (/app/applet/node_modules/next/dist/compiled/next-server/app-page.runtime.dev.js:35:11808)
    at /app/applet/node_modules/next/dist/compiled/next-server/app-page.runtime.dev.js:35:16871
    at aw (/app/applet/node_modules/next/dist/compiled/next-server/app-page.runtime.dev.js:35:16908)

Error occurred prerendering page "/dashboard/agency-registration/print-checklist". Read more: https://nextjs.org/docs/messages/prerender-error

TypeError: Cannot read properties of null (reading 'useContext')
    at t.useContext (/app/applet/node_modules/next/dist/compiled/next-server/app-page.runtime.prod.js:12:109421)
    at d (/app/applet/.next/server/chunks/6204.js:1:23125)
    at h (/app/applet/.next/server/chunks/6204.js:1:15027)
    at au (/app/applet/node_modules/next/dist/compiled/next-server/app-page.runtime.dev.js:35:10446)
    at /app/applet/node_modules/next/dist/compiled/next-server/app-page.runtime.dev.js:35:15122
    at aw (/app/applet/node_modules/next/dist/compiled/next-server/app-page.runtime.dev.js:35:16908)
    at a_ (/app/applet/node_modules/next/dist/compiled/next-server/app-page.runtime.dev.js:35:49776)
    at ab (/app/applet/node_modules/next/dist/compiled/next-server/app-page.runtime.dev.js:35:11808)
    at /app/applet/node_modules/next/dist/compiled/next-server/app-page.runtime.dev.js:35:16871
    at aw (/app/applet/node_modules/next/dist/compiled/next-server/app-page.runtime.dev.js:35:16908)
TypeError: Cannot read properties of null (reading 'useContext')
    at t.useContext (/app/applet/node_modules/next/dist/compiled/next-server/app-page.runtime.prod.js:12:109421)
    at d (/app/applet/.next/server/chunks/6204.js:1:23125)
    at h (/app/applet/.next/server/chunks/6204.js:1:15027)
    at au (/app/applet/node_modules/next/dist/compiled/next-server/app-page.runtime.dev.js:35:10446)
    at /app/applet/node_modules/next/dist/compiled/next-server/app-page.runtime.dev.js:35:15122
    at aw (/app/applet/node_modules/next/dist/compiled/next-server/app-page.runtime.dev.js:35:16908)
    at a_ (/app/applet/node_modules/next/dist/compiled/next-server/app-page.runtime.dev.js:35:49776)
    at ab (/app/applet/node_modules/next/dist/compiled/next-server/app-page.runtime.dev.js:35:11808)
    at /app/applet/node_modules/next/dist/compiled/next-server/app-page.runtime.dev.js:35:16871
    at aw (/app/applet/node_modules/next/dist/compiled/next-server/app-page.runtime.dev.js:35:16908) {
  digest: '180245566'
}
TypeError: Cannot read properties of null (reading 'useContext')
    at t.useContext (/app/applet/node_modules/next/dist/compiled/next-server/app-page.runtime.prod.js:12:109421)
    at d (/app/applet/.next/server/chunks/6204.js:1:23125)
    at h (/app/applet/.next/server/chunks/6204.js:1:15027)
    at au (/app/applet/node_modules/next/dist/compiled/next-server/app-page.runtime.dev.js:35:10446)
    at /app/applet/node_modules/next/dist/compiled/next-server/app-page.runtime.dev.js:35:15122
    at aw (/app/applet/node_modules/next/dist/compiled/next-server/app-page.runtime.dev.js:35:16908)
    at a_ (/app/applet/node_modules/next/dist/compiled/next-server/app-page.runtime.dev.js:35:49776)
    at ab (/app/applet/node_modules/next/dist/compiled/next-server/app-page.runtime.dev.js:35:11808)
    at /app/applet/node_modules/next/dist/compiled/next-server/app-page.runtime.dev.js:35:16871
    at aw (/app/applet/node_modules/next/dist/compiled/next-server/app-page.runtime.dev.js:35:16908)

Error occurred prerendering page "/dashboard/ars/entry". Read more: https://nextjs.org/docs/messages/prerender-error

TypeError: Cannot read properties of null (reading 'useContext')
    at t.useContext (/app/applet/node_modules/next/dist/compiled/next-server/app-page.runtime.prod.js:12:109421)
    at d (/app/applet/.next/server/chunks/6204.js:1:23125)
    at h (/app/applet/.next/server/chunks/6204.js:1:15027)
    at au (/app/applet/node_modules/next/dist/compiled/next-server/app-page.runtime.dev.js:35:10446)
    at /app/applet/node_modules/next/dist/compiled/next-server/app-page.runtime.dev.js:35:15122
    at aw (/app/applet/node_modules/next/dist/compiled/next-server/app-page.runtime.dev.js:35:16908)
    at a_ (/app/applet/node_modules/next/dist/compiled/next-server/app-page.runtime.dev.js:35:49776)
    at ab (/app/applet/node_modules/next/dist/compiled/next-server/app-page.runtime.dev.js:35:11808)
    at /app/applet/node_modules/next/dist/compiled/next-server/app-page.runtime.dev.js:35:16871
    at aw (/app/applet/node_modules/next/dist/compiled/next-server/app-page.runtime.dev.js:35:16908)
TypeError: Cannot read properties of null (reading 'useContext')
    at t.useContext (/app/applet/node_modules/next/dist/compiled/next-server/app-page.runtime.prod.js:12:109421)
    at d (/app/applet/.next/server/chunks/6204.js:1:23125)
    at h (/app/applet/.next/server/chunks/6204.js:1:15027)
    at au (/app/applet/node_modules/next/dist/compiled/next-server/app-page.runtime.dev.js:35:10446)
    at /app/applet/node_modules/next/dist/compiled/next-server/app-page.runtime.dev.js:35:15122
    at aw (/app/applet/node_modules/next/dist/compiled/next-server/app-page.runtime.dev.js:35:16908)
    at a_ (/app/applet/node_modules/next/dist/compiled/next-server/app-page.runtime.dev.js:35:49776)
    at ab (/app/applet/node_modules/next/dist/compiled/next-server/app-page.runtime.dev.js:35:11808)
    at /app/applet/node_modules/next/dist/compiled/next-server/app-page.runtime.dev.js:35:16871
    at aw (/app/applet/node_modules/next/dist/compiled/next-server/app-page.runtime.dev.js:35:16908) {
  digest: '180245566'
}
TypeError: Cannot read properties of null (reading 'useContext')
    at t.useContext (/app/applet/node_modules/next/dist/compiled/next-server/app-page.runtime.prod.js:12:109421)
    at d (/app/applet/.next/server/chunks/6204.js:1:23125)
    at h (/app/applet/.next/server/chunks/6204.js:1:15027)
    at au (/app/applet/node_modules/next/dist/compiled/next-server/app-page.runtime.dev.js:35:10446)
    at /app/applet/node_modules/next/dist/compiled/next-server/app-page.runtime.dev.js:35:15122
    at aw (/app/applet/node_modules/next/dist/compiled/next-server/app-page.runtime.dev.js:35:16908)
    at a_ (/app/applet/node_modules/next/dist/compiled/next-server/app-page.runtime.dev.js:35:49776)
    at ab (/app/applet/node_modules/next/dist/compiled/next-server/app-page.runtime.dev.js:35:11808)
    at /app/applet/node_modules/next/dist/compiled/next-server/app-page.runtime.dev.js:35:16871
    at aw (/app/applet/node_modules/next/dist/compiled/next-server/app-page.runtime.dev.js:35:16908)

Error occurred prerendering page "/dashboard/bidders". Read more: https://nextjs.org/docs/messages/prerender-error

TypeError: Cannot read properties of null (reading 'useContext')
    at t.useContext (/app/applet/node_modules/next/dist/compiled/next-server/app-page.runtime.prod.js:12:109421)
    at d (/app/applet/.next/server/chunks/6204.js:1:23125)
    at h (/app/applet/.next/server/chunks/6204.js:1:15027)
    at au (/app/applet/node_modules/next/dist/compiled/next-server/app-page.runtime.dev.js:35:10446)
    at /app/applet/node_modules/next/dist/compiled/next-server/app-page.runtime.dev.js:35:15122
    at aw (/app/applet/node_modules/next/dist/compiled/next-server/app-page.runtime.dev.js:35:16908)
    at a_ (/app/applet/node_modules/next/dist/compiled/next-server/app-page.runtime.dev.js:35:49776)
    at ab (/app/applet/node_modules/next/dist/compiled/next-server/app-page.runtime.dev.js:35:11808)
    at /app/applet/node_modules/next/dist/compiled/next-server/app-page.runtime.dev.js:35:16871
    at aw (/app/applet/node_modules/next/dist/compiled/next-server/app-page.runtime.dev.js:35:16908)
TypeError: Cannot read properties of null (reading 'useContext')
    at t.useContext (/app/applet/node_modules/next/dist/compiled/next-server/app-page.runtime.prod.js:12:109421)
    at d (/app/applet/.next/server/chunks/6204.js:1:23125)
    at h (/app/applet/.next/server/chunks/6204.js:1:15027)
    at au (/app/applet/node_modules/next/dist/compiled/next-server/app-page.runtime.dev.js:35:10446)
    at /app/applet/node_modules/next/dist/compiled/next-server/app-page.runtime.dev.js:35:15122
    at aw (/app/applet/node_modules/next/dist/compiled/next-server/app-page.runtime.dev.js:35:16908)
    at a_ (/app/applet/node_modules/next/dist/compiled/next-server/app-page.runtime.dev.js:35:49776)
    at ab (/app/applet/node_modules/next/dist/compiled/next-server/app-page.runtime.dev.js:35:11808)
    at /app/applet/node_modules/next/dist/compiled/next-server/app-page.runtime.dev.js:35:16871
    at aw (/app/applet/node_modules/next/dist/compiled/next-server/app-page.runtime.dev.js:35:16908) {
  digest: '180245566'
}
TypeError: Cannot read properties of null (reading 'useContext')
    at t.useContext (/app/applet/node_modules/next/dist/compiled/next-server/app-page.runtime.prod.js:12:109421)
    at d (/app/applet/.next/server/chunks/6204.js:1:23125)
    at h (/app/applet/.next/server/chunks/6204.js:1:15027)
    at au (/app/applet/node_modules/next/dist/compiled/next-server/app-page.runtime.dev.js:35:10446)
    at /app/applet/node_modules/next/dist/compiled/next-server/app-page.runtime.dev.js:35:15122
    at aw (/app/applet/node_modules/next/dist/compiled/next-server/app-page.runtime.dev.js:35:16908)
    at a_ (/app/applet/node_modules/next/dist/compiled/next-server/app-page.runtime.dev.js:35:49776)
    at ab (/app/applet/node_modules/next/dist/compiled/next-server/app-page.runtime.dev.js:35:11808)
    at /app/applet/node_modules/next/dist/compiled/next-server/app-page.runtime.dev.js:35:16871
    at aw (/app/applet/node_modules/next/dist/compiled/next-server/app-page.runtime.dev.js:35:16908)

Error occurred prerendering page "/dashboard/collectors-deposit-works". Read more: https://nextjs.org/docs/messages/prerender-error

TypeError: Cannot read properties of null (reading 'useContext')
    at t.useContext (/app/applet/node_modules/next/dist/compiled/next-server/app-page.runtime.prod.js:12:109421)
    at d (/app/applet/.next/server/chunks/6204.js:1:23125)
    at h (/app/applet/.next/server/chunks/6204.js:1:15027)
    at au (/app/applet/node_modules/next/dist/compiled/next-server/app-page.runtime.dev.js:35:10446)
    at /app/applet/node_modules/next/dist/compiled/next-server/app-page.runtime.dev.js:35:15122
    at aw (/app/applet/node_modules/next/dist/compiled/next-server/app-page.runtime.dev.js:35:16908)
    at a_ (/app/applet/node_modules/next/dist/compiled/next-server/app-page.runtime.dev.js:35:49776)
    at ab (/app/applet/node_modules/next/dist/compiled/next-server/app-page.runtime.dev.js:35:11808)
    at /app/applet/node_modules/next/dist/compiled/next-server/app-page.runtime.dev.js:35:16871
    at aw (/app/applet/node_modules/next/dist/compiled/next-server/app-page.runtime.dev.js:35:16908)
TypeError: Cannot read properties of null (reading 'useContext')
    at t.useContext (/app/applet/node_modules/next/dist/compiled/next-server/app-page.runtime.prod.js:12:109421)
    at d (/app/applet/.next/server/chunks/6204.js:1:23125)
    at h (/app/applet/.next/server/chunks/6204.js:1:15027)
    at au (/app/applet/node_modules/next/dist/compiled/next-server/app-page.runtime.dev.js:35:10446)
    at /app/applet/node_modules/next/dist/compiled/next-server/app-page.runtime.dev.js:35:15122
    at aw (/app/applet/node_modules/next/dist/compiled/next-server/app-page.runtime.dev.js:35:16908)
    at a_ (/app/applet/node_modules/next/dist/compiled/next-server/app-page.runtime.dev.js:35:49776)
    at ab (/app/applet/node_modules/next/dist/compiled/next-server/app-page.runtime.dev.js:35:11808)
    at /app/applet/node_modules/next/dist/compiled/next-server/app-page.runtime.dev.js:35:16871
    at aw (/app/applet/node_modules/next/dist/compiled/next-server/app-page.runtime.dev.js:35:16908) {
  digest: '180245566'
}
TypeError: Cannot read properties of null (reading 'useContext')
    at t.useContext (/app/applet/node_modules/next/dist/compiled/next-server/app-page.runtime.prod.js:12:109421)
    at d (/app/applet/.next/server/chunks/6204.js:1:23125)
    at h (/app/applet/.next/server/chunks/6204.js:1:15027)
    at au (/app/applet/node_modules/next/dist/compiled/next-server/app-page.runtime.dev.js:35:10446)
    at /app/applet/node_modules/next/dist/compiled/next-server/app-page.runtime.dev.js:35:15122
    at aw (/app/applet/node_modules/next/dist/compiled/next-server/app-page.runtime.dev.js:35:16908)
    at a_ (/app/applet/node_modules/next/dist/compiled/next-server/app-page.runtime.dev.js:35:49776)
    at ab (/app/applet/node_modules/next/dist/compiled/next-server/app-page.runtime.dev.js:35:11808)
    at /app/applet/node_modules/next/dist/compiled/next-server/app-page.runtime.dev.js:35:16871
    at aw (/app/applet/node_modules/next/dist/compiled/next-server/app-page.runtime.dev.js:35:16908)

Error occurred prerendering page "/dashboard/data-entry". Read more: https://nextjs.org/docs/messages/prerender-error

TypeError: Cannot read properties of null (reading 'useContext')
    at t.useContext (/app/applet/node_modules/next/dist/compiled/next-server/app-page.runtime.prod.js:12:109421)
    at d (/app/applet/.next/server/chunks/6204.js:1:23125)
    at h (/app/applet/.next/server/chunks/6204.js:1:15027)
    at au (/app/applet/node_modules/next/dist/compiled/next-server/app-page.runtime.dev.js:35:10446)
    at /app/applet/node_modules/next/dist/compiled/next-server/app-page.runtime.dev.js:35:15122
    at aw (/app/applet/node_modules/next/dist/compiled/next-server/app-page.runtime.dev.js:35:16908)
    at a_ (/app/applet/node_modules/next/dist/compiled/next-server/app-page.runtime.dev.js:35:49776)
    at ab (/app/applet/node_modules/next/dist/compiled/next-server/app-page.runtime.dev.js:35:11808)
    at /app/applet/node_modules/next/dist/compiled/next-server/app-page.runtime.dev.js:35:16871
    at aw (/app/applet/node_modules/next/dist/compiled/next-server/app-page.runtime.dev.js:35:16908)
TypeError: Cannot read properties of null (reading 'useContext')
    at t.useContext (/app/applet/node_modules/next/dist/compiled/next-server/app-page.runtime.prod.js:12:109421)
    at d (/app/applet/.next/server/chunks/6204.js:1:23125)
    at h (/app/applet/.next/server/chunks/6204.js:1:15027)
    at au (/app/applet/node_modules/next/dist/compiled/next-server/app-page.runtime.dev.js:35:10446)
    at /app/applet/node_modules/next/dist/compiled/next-server/app-page.runtime.dev.js:35:15122
    at aw (/app/applet/node_modules/next/dist/compiled/next-server/app-page.runtime.dev.js:35:16908)
    at a_ (/app/applet/node_modules/next/dist/compiled/next-server/app-page.runtime.dev.js:35:49776)
    at ab (/app/applet/node_modules/next/dist/compiled/next-server/app-page.runtime.dev.js:35:11808)
    at /app/applet/node_modules/next/dist/compiled/next-server/app-page.runtime.dev.js:35:16871
    at aw (/app/applet/node_modules/next/dist/compiled/next-server/app-page.runtime.dev.js:35:16908) {
  digest: '180245566'
}
TypeError: Cannot read properties of null (reading 'useContext')
    at t.useContext (/app/applet/node_modules/next/dist/compiled/next-server/app-page.runtime.prod.js:12:109421)
    at d (/app/applet/.next/server/chunks/6204.js:1:23125)
    at h (/app/applet/.next/server/chunks/6204.js:1:15027)
    at au (/app/applet/node_modules/next/dist/compiled/next-server/app-page.runtime.dev.js:35:10446)
    at /app/applet/node_modules/next/dist/compiled/next-server/app-page.runtime.dev.js:35:15122
    at aw (/app/applet/node_modules/next/dist/compiled/next-server/app-page.runtime.dev.js:35:16908)
    at a_ (/app/applet/node_modules/next/dist/compiled/next-server/app-page.runtime.dev.js:35:49776)
    at ab (/app/applet/node_modules/next/dist/compiled/next-server/app-page.runtime.dev.js:35:11808)
    at /app/applet/node_modules/next/dist/compiled/next-server/app-page.runtime.dev.js:35:16871
    at aw (/app/applet/node_modules/next/dist/compiled/next-server/app-page.runtime.dev.js:35:16908)

Error occurred prerendering page "/dashboard/file-database". Read more: https://nextjs.org/docs/messages/prerender-error

TypeError: Cannot read properties of null (reading 'useContext')
    at t.useContext (/app/applet/node_modules/next/dist/compiled/next-server/app-page.runtime.prod.js:12:109421)
    at d (/app/applet/.next/server/chunks/6204.js:1:23125)
    at h (/app/applet/.next/server/chunks/6204.js:1:15027)
    at au (/app/applet/node_modules/next/dist/compiled/next-server/app-page.runtime.dev.js:35:10446)
    at /app/applet/node_modules/next/dist/compiled/next-server/app-page.runtime.dev.js:35:15122
    at aw (/app/applet/node_modules/next/dist/compiled/next-server/app-page.runtime.dev.js:35:16908)
    at a_ (/app/applet/node_modules/next/dist/compiled/next-server/app-page.runtime.dev.js:35:49776)
    at ab (/app/applet/node_modules/next/dist/compiled/next-server/app-page.runtime.dev.js:35:11808)
    at /app/applet/node_modules/next/dist/compiled/next-server/app-page.runtime.dev.js:35:16871
    at aw (/app/applet/node_modules/next/dist/compiled/next-server/app-page.runtime.dev.js:35:16908)
   Generating static pages (12/50) 
TypeError: Cannot read properties of null (reading 'useContext')
    at t.useContext (/app/applet/node_modules/next/dist/compiled/next-server/app-page.runtime.prod.js:12:109421)
    at d (/app/applet/.next/server/chunks/6204.js:1:23125)
    at h (/app/applet/.next/server/chunks/6204.js:1:15027)
    at au (/app/applet/node_modules/next/dist/compiled/next-server/app-page.runtime.dev.js:35:10446)
    at /app/applet/node_modules/next/dist/compiled/next-server/app-page.runtime.dev.js:35:15122
    at aw (/app/applet/node_modules/next/dist/compiled/next-server/app-page.runtime.dev.js:35:16908)
    at a_ (/app/applet/node_modules/next/dist/compiled/next-server/app-page.runtime.dev.js:35:49776)
    at ab (/app/applet/node_modules/next/dist/compiled/next-server/app-page.runtime.dev.js:35:11808)
    at /app/applet/node_modules/next/dist/compiled/next-server/app-page.runtime.dev.js:35:16871
    at aw (/app/applet/node_modules/next/dist/compiled/next-server/app-page.runtime.dev.js:35:16908)
    at aw (/app/applet/node_modules/next/dist/compiled/next-server/app-page.runtime.dev.js:35:46505)
    at a_ (/app/applet/node_modules/next/dist/compiled/next-server/app-page.runtime.dev.js:35:49776)
    at ab (/app/applet/node_modules/next/dist/compiled/next-server/app-page.runtime.dev.js:35:11808)
    at /app/applet/node_modules/next/dist/compiled/next-server/app-page.runtime.dev.js:35:16871
    at aw (/app/applet/node_modules/next/dist/compiled/next-server/app-page.runtime.dev.js:35:16908)
    at a_ (/app/applet/node_modules/next/dist/compiled/next-server/app-page.runtime.dev.js:35:49776) {
  digest: '789080945'
}
TypeError: Cannot read properties of null (reading 'useContext')
    at t.useContext (/app/applet/node_modules/next/dist/compiled/next-server/app-page.runtime.prod.js:12:109421)
    at d (/app/applet/.next/server/chunks/6204.js:1:23125)
    at h (/app/applet/.next/server/chunks/6204.js:1:15027)
    at au (/app/applet/node_modules/next/dist/compiled/next-server/app-page.runtime.dev.js:35:10446)
    at /app/applet/node_modules/next/dist/compiled/next-server/app-page.runtime.dev.js:35:15122
    at aw (/app/applet/node_modules/next/dist/compiled/next-server/app-page.runtime.dev.js:35:16908)
    at a_ (/app/applet/node_modules/next/dist/compiled/next-server/app-page.runtime.dev.js:35:49776)
    at ab (/app/applet/node_modules/next/dist/compiled/next-server/app-page.runtime.dev.js:35:11808)
    at /app/applet/node_modules/next/dist/compiled/next-server/app-page.runtime.dev.js:35:16871
    at aw (/app/applet/node_modules/next/dist/compiled/next-server/app-page.runtime.dev.js:35:16908)
    at aw (/app/applet/node_modules/next/dist/compiled/next-server/app-page.runtime.dev.js:35:46505)
    at a_ (/app/applet/node_modules/next/dist/compiled/next-server/app-page.runtime.dev.js:35:49776)
    at ab (/app/applet/node_modules/next/dist/compiled/next-server/app-page.runtime.dev.js:35:11808)
    at /app/applet/node_modules/next/dist/compiled/next-server/app-page.runtime.dev.js:35:16871
    at aw (/app/applet/node_modules/next/dist/compiled/next-server/app-page.runtime.dev.js:35:16908)
    at a_ (/app/applet/node_modules/next/dist/compiled/next-server/app-page.runtime.dev.js:35:49776)

Error occurred prerendering page "/dashboard/ars". Read more: https://nextjs.org/docs/messages/prerender-error

TypeError: Cannot read properties of null (reading 'useContext')
    at t.useContext (/app/applet/node_modules/next/dist/compiled/next-server/app-page.runtime.prod.js:12:109421)
    at d (/app/applet/.next/server/chunks/6204.js:1:23125)
    at h (/app/applet/.next/server/chunks/6204.js:1:15027)
    at au (/app/applet/node_modules/next/dist/compiled/next-server/app-page.runtime.dev.js:35:10446)
    at /app/applet/node_modules/next/dist/compiled/next-server/app-page.runtime.dev.js:35:15122
    at aw (/app/applet/node_modules/next/dist/compiled/next-server/app-page.runtime.dev.js:35:16908)
    at a_ (/app/applet/node_modules/next/dist/compiled/next-server/app-page.runtime.dev.js:35:49776)
    at ab (/app/applet/node_modules/next/dist/compiled/next-server/app-page.runtime.dev.js:35:11808)
    at /app/applet/node_modules/next/dist/compiled/next-server/app-page.runtime.dev.js:35:16871
    at aw (/app/applet/node_modules/next/dist/compiled/next-server/app-page.runtime.dev.js:35:16908)
    at aw (/app/applet/node_modules/next/dist/compiled/next-server/app-page.runtime.dev.js:35:46505)
    at a_ (/app/applet/node_modules/next/dist/compiled/next-server/app-page.runtime.dev.js:35:49776)
    at ab (/app/applet/node_modules/next/dist/compiled/next-server/app-page.runtime.dev.js:35:11808)
    at /app/applet/node_modules/next/dist/compiled/next-server/app-page.runtime.dev.js:35:16871
    at aw (/app/applet/node_modules/next/dist/compiled/next-server/app-page.runtime.dev.js:35:16908)
    at a_ (/app/applet/node_modules/next/dist/compiled/next-server/app-page.runtime.dev.js:35:49776)
TypeError: Cannot read properties of null (reading 'useContext')
    at t.useContext (/app/applet/node_modules/next/dist/compiled/next-server/app-page.runtime.prod.js:12:109421)
    at d (/app/applet/.next/server/chunks/6204.js:1:23125)
    at h (/app/applet/.next/server/chunks/6204.js:1:15027)
    at au (/app/applet/node_modules/next/dist/compiled/next-server/app-page.runtime.dev.js:35:10446)
    at /app/applet/node_modules/next/dist/compiled/next-server/app-page.runtime.dev.js:35:15122
    at aw (/app/applet/node_modules/next/dist/compiled/next-server/app-page.runtime.dev.js:35:16908)
    at a_ (/app/applet/node_modules/next/dist/compiled/next-server/app-page.runtime.dev.js:35:49776)
    at ab (/app/applet/node_modules/next/dist/compiled/next-server/app-page.runtime.dev.js:35:11808)
    at /app/applet/node_modules/next/dist/compiled/next-server/app-page.runtime.dev.js:35:16871
    at aw (/app/applet/node_modules/next/dist/compiled/next-server/app-page.runtime.dev.js:35:16908)
    at aw (/app/applet/node_modules/next/dist/compiled/next-server/app-page.runtime.dev.js:35:46505)
    at a_ (/app/applet/node_modules/next/dist/compiled/next-server/app-page.runtime.dev.js:35:49776)
    at ab (/app/applet/node_modules/next/dist/compiled/next-server/app-page.runtime.dev.js:35:11808)
    at /app/applet/node_modules/next/dist/compiled/next-server/app-page.runtime.dev.js:35:16871
    at aw (/app/applet/node_modules/next/dist/compiled/next-server/app-page.runtime.dev.js:35:16908)
    at a_ (/app/applet/node_modules/next/dist/compiled/next-server/app-page.runtime.dev.js:35:49776) {
  digest: '789080945'
}
TypeError: Cannot read properties of null (reading 'useContext')
    at t.useContext (/app/applet/node_modules/next/dist/compiled/next-server/app-page.runtime.prod.js:12:109421)
    at d (/app/applet/.next/server/chunks/6204.js:1:23125)
    at h (/app/applet/.next/server/chunks/6204.js:1:15027)
    at au (/app/applet/node_modules/next/dist/compiled/next-server/app-page.runtime.dev.js:35:10446)
    at /app/applet/node_modules/next/dist/compiled/next-server/app-page.runtime.dev.js:35:15122
    at aw (/app/applet/node_modules/next/dist/compiled/next-server/app-page.runtime.dev.js:35:16908)
    at a_ (/app/applet/node_modules/next/dist/compiled/next-server/app-page.runtime.dev.js:35:49776)
    at ab (/app/applet/node_modules/next/dist/compiled/next-server/app-page.runtime.dev.js:35:11808)
    at /app/applet/node_modules/next/dist/compiled/next-server/app-page.runtime.dev.js:35:16871
    at aw (/app/applet/node_modules/next/dist/compiled/next-server/app-page.runtime.dev.js:35:16908)
    at aw (/app/applet/node_modules/next/dist/compiled/next-server/app-page.runtime.dev.js:35:46505)
    at a_ (/app/applet/node_modules/next/dist/compiled/next-server/app-page.runtime.dev.js:35:49776)
    at ab (/app/applet/node_modules/next/dist/compiled/next-server/app-page.runtime.dev.js:35:11808)
    at /app/applet/node_modules/next/dist/compiled/next-server/app-page.runtime.dev.js:35:16871
    at aw (/app/applet/node_modules/next/dist/compiled/next-server/app-page.runtime.dev.js:35:16908)
    at a_ (/app/applet/node_modules/next/dist/compiled/next-server/app-page.runtime.dev.js:35:49776)

Error occurred prerendering page "/dashboard/agency-registration". Read more: https://nextjs.org/docs/messages/prerender-error

TypeError: Cannot read properties of null (reading 'useContext')
    at t.useContext (/app/applet/node_modules/next/dist/compiled/next-server/app-page.runtime.prod.js:12:109421)
    at d (/app/applet/.next/server/chunks/6204.js:1:23125)
    at h (/app/applet/.next/server/chunks/6204.js:1:15027)
    at au (/app/applet/node_modules/next/dist/compiled/next-server/app-page.runtime.dev.js:35:10446)
    at /app/applet/node_modules/next/dist/compiled/next-server/app-page.runtime.dev.js:35:15122
    at aw (/app/applet/node_modules/next/dist/compiled/next-server/app-page.runtime.dev.js:35:16908)
    at a_ (/app/applet/node_modules/next/dist/compiled/next-server/app-page.runtime.dev.js:35:49776)
    at ab (/app/applet/node_modules/next/dist/compiled/next-server/app-page.runtime.dev.js:35:11808)
    at /app/applet/node_modules/next/dist/compiled/next-server/app-page.runtime.dev.js:35:16871
    at aw (/app/applet/node_modules/next/dist/compiled/next-server/app-page.runtime.dev.js:35:16908)
    at aw (/app/applet/node_modules/next/dist/compiled/next-server/app-page.runtime.dev.js:35:46505)
    at a_ (/app/applet/node_modules/next/dist/compiled/next-server/app-page.runtime.dev.js:35:49776)
    at ab (/app/applet/node_modules/next/dist/compiled/next-server/app-page.runtime.dev.js:35:11808)
    at /app/applet/node_modules/next/dist/compiled/next-server/app-page.runtime.dev.js:35:16871
    at aw (/app/applet/node_modules/next/dist/compiled/next-server/app-page.runtime.dev.js:35:16908)
    at a_ (/app/applet/node_modules/next/dist/compiled/next-server/app-page.runtime.dev.js:35:49776)
TypeError: Cannot read properties of null (reading 'useContext')
    at t.useContext (/app/applet/node_modules/next/dist/compiled/next-server/app-page.runtime.prod.js:12:109421)
    at d (/app/applet/.next/server/chunks/6204.js:1:23125)
    at h (/app/applet/.next/server/chunks/6204.js:1:15027)
    at au (/app/applet/node_modules/next/dist/compiled/next-server/app-page.runtime.dev.js:35:10446)
    at /app/applet/node_modules/next/dist/compiled/next-server/app-page.runtime.dev.js:35:15122
    at aw (/app/applet/node_modules/next/dist/compiled/next-server/app-page.runtime.dev.js:35:16908)
    at a_ (/app/applet/node_modules/next/dist/compiled/next-server/app-page.runtime.dev.js:35:49776)
    at ab (/app/applet/node_modules/next/dist/compiled/next-server/app-page.runtime.dev.js:35:11808)
    at /app/applet/node_modules/next/dist/compiled/next-server/app-page.runtime.dev.js:35:16871
    at aw (/app/applet/node_modules/next/dist/compiled/next-server/app-page.runtime.dev.js:35:16908)
    at aw (/app/applet/node_modules/next/dist/compiled/next-server/app-page.runtime.dev.js:35:46505)
    at a_ (/app/applet/node_modules/next/dist/compiled/next-server/app-page.runtime.dev.js:35:49776)
    at ab (/app/applet/node_modules/next/dist/compiled/next-server/app-page.runtime.dev.js:35:11808)
    at /app/applet/node_modules/next/dist/compiled/next-server/app-page.runtime.dev.js:35:16871
    at aw (/app/applet/node_modules/next/dist/compiled/next-server/app-page.runtime.dev.js:35:16908)
    at a_ (/app/applet/node_modules/next/dist/compiled/next-server/app-page.runtime.dev.js:35:49776) {
  digest: '789080945'
}
TypeError: Cannot read properties of null (reading 'useContext')
    at t.useContext (/app/applet/node_modules/next/dist/compiled/next-server/app-page.runtime.prod.js:12:109421)
    at d (/app/applet/.next/server/chunks/6204.js:1:23125)
    at h (/app/applet/.next/server/chunks/6204.js:1:15027)
    at au (/app/applet/node_modules/next/dist/compiled/next-server/app-page.runtime.dev.js:35:10446)
    at /app/applet/node_modules/next/dist/compiled/next-server/app-page.runtime.dev.js:35:15122
    at aw (/app/applet/node_modules/next/dist/compiled/next-server/app-page.runtime.dev.js:35:16908)
    at a_ (/app/applet/node_modules/next/dist/compiled/next-server/app-page.runtime.dev.js:35:49776)
    at ab (/app/applet/node_modules/next/dist/compiled/next-server/app-page.runtime.dev.js:35:11808)
    at /app/applet/node_modules/next/dist/compiled/next-server/app-page.runtime.dev.js:35:16871
    at aw (/app/applet/node_modules/next/dist/compiled/next-server/app-page.runtime.dev.js:35:16908)
    at aw (/app/applet/node_modules/next/dist/compiled/next-server/app-page.runtime.dev.js:35:46505)
    at a_ (/app/applet/node_modules/next/dist/compiled/next-server/app-page.runtime.dev.js:35:49776)
    at ab (/app/applet/node_modules/next/dist/compiled/next-server/app-page.runtime.dev.js:35:11808)
    at /app/applet/node_modules/next/dist/compiled/next-server/app-page.runtime.dev.js:35:16871
    at aw (/app/applet/node_modules/next/dist/compiled/next-server/app-page.runtime.dev.js:35:16908)
    at a_ (/app/applet/node_modules/next/dist/compiled/next-server/app-page.runtime.dev.js:35:49776)

Error occurred prerendering page "/dashboard/file-room". Read more: https://nextjs.org/docs/messages/prerender-error

TypeError: Cannot read properties of null (reading 'useContext')
    at t.useContext (/app/applet/node_modules/next/dist/compiled/next-server/app-page.runtime.prod.js:12:109421)
    at d (/app/applet/.next/server/chunks/6204.js:1:23125)
    at h (/app/applet/.next/server/chunks/6204.js:1:15027)
    at au (/app/applet/node_modules/next/dist/compiled/next-server/app-page.runtime.dev.js:35:10446)
    at /app/applet/node_modules/next/dist/compiled/next-server/app-page.runtime.dev.js:35:15122
    at aw (/app/applet/node_modules/next/dist/compiled/next-server/app-page.runtime.dev.js:35:16908)
    at a_ (/app/applet/node_modules/next/dist/compiled/next-server/app-page.runtime.dev.js:35:49776)
    at ab (/app/applet/node_modules/next/dist/compiled/next-server/app-page.runtime.dev.js:35:11808)
    at /app/applet/node_modules/next/dist/compiled/next-server/app-page.runtime.dev.js:35:16871
    at aw (/app/applet/node_modules/next/dist/compiled/next-server/app-page.runtime.dev.js:35:16908)
    at aw (/app/applet/node_modules/next/dist/compiled/next-server/app-page.runtime.dev.js:35:46505)
    at a_ (/app/applet/node_modules/next/dist/compiled/next-server/app-page.runtime.dev.js:35:49776)
    at ab (/app/applet/node_modules/next/dist/compiled/next-server/app-page.runtime.dev.js:35:11808)
    at /app/applet/node_modules/next/dist/compiled/next-server/app-page.runtime.dev.js:35:16871
    at aw (/app/applet/node_modules/next/dist/compiled/next-server/app-page.runtime.dev.js:35:16908)
    at a_ (/app/applet/node_modules/next/dist/compiled/next-server/app-page.runtime.dev.js:35:49776)
TypeError: Cannot read properties of null (reading 'useContext')
    at t.useContext (/app/applet/node_modules/next/dist/compiled/next-server/app-page.runtime.prod.js:12:109421)
    at d (/app/applet/.next/server/chunks/6204.js:1:23125)
    at h (/app/applet/.next/server/chunks/6204.js:1:15027)
    at au (/app/applet/node_modules/next/dist/compiled/next-server/app-page.runtime.dev.js:35:10446)
    at /app/applet/node_modules/next/dist/compiled/next-server/app-page.runtime.dev.js:35:15122
    at aw (/app/applet/node_modules/next/dist/compiled/next-server/app-page.runtime.dev.js:35:16908)
    at a_ (/app/applet/node_modules/next/dist/compiled/next-server/app-page.runtime.dev.js:35:49776)
    at ab (/app/applet/node_modules/next/dist/compiled/next-server/app-page.runtime.dev.js:35:11808)
    at /app/applet/node_modules/next/dist/compiled/next-server/app-page.runtime.dev.js:35:16871
    at aw (/app/applet/node_modules/next/dist/compiled/next-server/app-page.runtime.dev.js:35:16908)
    at aw (/app/applet/node_modules/next/dist/compiled/next-server/app-page.runtime.dev.js:35:46505)
    at a_ (/app/applet/node_modules/next/dist/compiled/next-server/app-page.runtime.dev.js:35:49776)
    at ab (/app/applet/node_modules/next/dist/compiled/next-server/app-page.runtime.dev.js:35:11808)
    at /app/applet/node_modules/next/dist/compiled/next-server/app-page.runtime.dev.js:35:16871
    at aw (/app/applet/node_modules/next/dist/compiled/next-server/app-page.runtime.dev.js:35:16908)
    at a_ (/app/applet/node_modules/next/dist/compiled/next-server/app-page.runtime.dev.js:35:49776) {
  digest: '789080945'
}
TypeError: Cannot read properties of null (reading 'useContext')
    at t.useContext (/app/applet/node_modules/next/dist/compiled/next-server/app-page.runtime.prod.js:12:109421)
    at d (/app/applet/.next/server/chunks/6204.js:1:23125)
    at h (/app/applet/.next/server/chunks/6204.js:1:15027)
    at au (/app/applet/node_modules/next/dist/compiled/next-server/app-page.runtime.dev.js:35:10446)
    at /app/applet/node_modules/next/dist/compiled/next-server/app-page.runtime.dev.js:35:15122
    at aw (/app/applet/node_modules/next/dist/compiled/next-server/app-page.runtime.dev.js:35:16908)
    at a_ (/app/applet/node_modules/next/dist/compiled/next-server/app-page.runtime.dev.js:35:49776)
    at ab (/app/applet/node_modules/next/dist/compiled/next-server/app-page.runtime.dev.js:35:11808)
    at /app/applet/node_modules/next/dist/compiled/next-server/app-page.runtime.dev.js:35:16871
    at aw (/app/applet/node_modules/next/dist/compiled/next-server/app-page.runtime.dev.js:35:16908)
    at aw (/app/applet/node_modules/next/dist/compiled/next-server/app-page.runtime.dev.js:35:46505)
    at a_ (/app/applet/node_modules/next/dist/compiled/next-server/app-page.runtime.dev.js:35:49776)
    at ab (/app/applet/node_modules/next/dist/compiled/next-server/app-page.runtime.dev.js:35:11808)
    at /app/applet/node_modules/next/dist/compiled/next-server/app-page.runtime.dev.js:35:16871
    at aw (/app/applet/node_modules/next/dist/compiled/next-server/app-page.runtime.dev.js:35:16908)
    at a_ (/app/applet/node_modules/next/dist/compiled/next-server/app-page.runtime.dev.js:35:49776)

Error occurred prerendering page "/dashboard/gw-investigation". Read more: https://nextjs.org/docs/messages/prerender-error

TypeError: Cannot read properties of null (reading 'useContext')
    at t.useContext (/app/applet/node_modules/next/dist/compiled/next-server/app-page.runtime.prod.js:12:109421)
    at d (/app/applet/.next/server/chunks/6204.js:1:23125)
    at h (/app/applet/.next/server/chunks/6204.js:1:15027)
    at au (/app/applet/node_modules/next/dist/compiled/next-server/app-page.runtime.dev.js:35:10446)
    at /app/applet/node_modules/next/dist/compiled/next-server/app-page.runtime.dev.js:35:15122
    at aw (/app/applet/node_modules/next/dist/compiled/next-server/app-page.runtime.dev.js:35:16908)
    at a_ (/app/applet/node_modules/next/dist/compiled/next-server/app-page.runtime.dev.js:35:49776)
    at ab (/app/applet/node_modules/next/dist/compiled/next-server/app-page.runtime.dev.js:35:11808)
    at /app/applet/node_modules/next/dist/compiled/next-server/app-page.runtime.dev.js:35:16871
    at aw (/app/applet/node_modules/next/dist/compiled/next-server/app-page.runtime.dev.js:35:16908)
    at aw (/app/applet/node_modules/next/dist/compiled/next-server/app-page.runtime.dev.js:35:46505)
    at a_ (/app/applet/node_modules/next/dist/compiled/next-server/app-page.runtime.dev.js:35:49776)
    at ab (/app/applet/node_modules/next/dist/compiled/next-server/app-page.runtime.dev.js:35:11808)
    at /app/applet/node_modules/next/dist/compiled/next-server/app-page.runtime.dev.js:35:16871
    at aw (/app/applet/node_modules/next/dist/compiled/next-server/app-page.runtime.dev.js:35:16908)
    at a_ (/app/applet/node_modules/next/dist/compiled/next-server/app-page.runtime.dev.js:35:49776)
TypeError: Cannot read properties of null (reading 'useContext')
    at t.useContext (/app/applet/node_modules/next/dist/compiled/next-server/app-page.runtime.prod.js:12:109421)
    at d (/app/applet/.next/server/chunks/6204.js:1:23125)
    at h (/app/applet/.next/server/chunks/6204.js:1:15027)
    at au (/app/applet/node_modules/next/dist/compiled/next-server/app-page.runtime.dev.js:35:10446)
    at /app/applet/node_modules/next/dist/compiled/next-server/app-page.runtime.dev.js:35:15122
    at aw (/app/applet/node_modules/next/dist/compiled/next-server/app-page.runtime.dev.js:35:16908)
    at a_ (/app/applet/node_modules/next/dist/compiled/next-server/app-page.runtime.dev.js:35:49776)
    at ab (/app/applet/node_modules/next/dist/compiled/next-server/app-page.runtime.dev.js:35:11808)
    at /app/applet/node_modules/next/dist/compiled/next-server/app-page.runtime.dev.js:35:16871
    at aw (/app/applet/node_modules/next/dist/compiled/next-server/app-page.runtime.dev.js:35:16908)
    at aw (/app/applet/node_modules/next/dist/compiled/next-server/app-page.runtime.dev.js:35:46505)
    at a_ (/app/applet/node_modules/next/dist/compiled/next-server/app-page.runtime.dev.js:35:49776)
    at ab (/app/applet/node_modules/next/dist/compiled/next-server/app-page.runtime.dev.js:35:11808)
    at /app/applet/node_modules/next/dist/compiled/next-server/app-page.runtime.dev.js:35:16871
    at aw (/app/applet/node_modules/next/dist/compiled/next-server/app-page.runtime.dev.js:35:16908)
    at a_ (/app/applet/node_modules/next/dist/compiled/next-server/app-page.runtime.dev.js:35:49776) {
  digest: '789080945'
}
TypeError: Cannot read properties of null (reading 'useContext')
    at t.useContext (/app/applet/node_modules/next/dist/compiled/next-server/app-page.runtime.prod.js:12:109421)
    at d (/app/applet/.next/server/chunks/6204.js:1:23125)
    at h (/app/applet/.next/server/chunks/6204.js:1:15027)
    at au (/app/applet/node_modules/next/dist/compiled/next-server/app-page.runtime.dev.js:35:10446)
    at /app/applet/node_modules/next/dist/compiled/next-server/app-page.runtime.dev.js:35:15122
    at aw (/app/applet/node_modules/next/dist/compiled/next-server/app-page.runtime.dev.js:35:16908)
    at a_ (/app/applet/node_modules/next/dist/compiled/next-server/app-page.runtime.dev.js:35:49776)
    at ab (/app/applet/node_modules/next/dist/compiled/next-server/app-page.runtime.dev.js:35:11808)
    at /app/applet/node_modules/next/dist/compiled/next-server/app-page.runtime.dev.js:35:16871
    at aw (/app/applet/node_modules/next/dist/compiled/next-server/app-page.runtime.dev.js:35:16908)
    at aw (/app/applet/node_modules/next/dist/compiled/next-server/app-page.runtime.dev.js:35:46505)
    at a_ (/app/applet/node_modules/next/dist/compiled/next-server/app-page.runtime.dev.js:35:49776)
    at ab (/app/applet/node_modules/next/dist/compiled/next-server/app-page.runtime.dev.js:35:11808)
    at /app/applet/node_modules/next/dist/compiled/next-server/app-page.runtime.dev.js:35:16871
    at aw (/app/applet/node_modules/next/dist/compiled/next-server/app-page.runtime.dev.js:35:16908)
    at a_ (/app/applet/node_modules/next/dist/compiled/next-server/app-page.runtime.dev.js:35:49776)

Error occurred prerendering page "/dashboard/e-tender". Read more: https://nextjs.org/docs/messages/prerender-error

TypeError: Cannot read properties of null (reading 'useContext')
    at t.useContext (/app/applet/node_modules/next/dist/compiled/next-server/app-page.runtime.prod.js:12:109421)
    at d (/app/applet/.next/server/chunks/6204.js:1:23125)
    at h (/app/applet/.next/server/chunks/6204.js:1:15027)
    at au (/app/applet/node_modules/next/dist/compiled/next-server/app-page.runtime.dev.js:35:10446)
    at /app/applet/node_modules/next/dist/compiled/next-server/app-page.runtime.dev.js:35:15122
    at aw (/app/applet/node_modules/next/dist/compiled/next-server/app-page.runtime.dev.js:35:16908)
    at a_ (/app/applet/node_modules/next/dist/compiled/next-server/app-page.runtime.dev.js:35:49776)
    at ab (/app/applet/node_modules/next/dist/compiled/next-server/app-page.runtime.dev.js:35:11808)
    at /app/applet/node_modules/next/dist/compiled/next-server/app-page.runtime.dev.js:35:16871
    at aw (/app/applet/node_modules/next/dist/compiled/next-server/app-page.runtime.dev.js:35:16908)
    at aw (/app/applet/node_modules/next/dist/compiled/next-server/app-page.runtime.dev.js:35:46505)
    at a_ (/app/applet/node_modules/next/dist/compiled/next-server/app-page.runtime.dev.js:35:49776)
    at ab (/app/applet/node_modules/next/dist/compiled/next-server/app-page.runtime.dev.js:35:11808)
    at /app/applet/node_modules/next/dist/compiled/next-server/app-page.runtime.dev.js:35:16871
    at aw (/app/applet/node_modules/next/dist/compiled/next-server/app-page.runtime.dev.js:35:16908)
    at a_ (/app/applet/node_modules/next/dist/compiled/next-server/app-page.runtime.dev.js:35:49776)
TypeError: Cannot read properties of null (reading 'useContext')
    at t.useContext (/app/applet/node_modules/next/dist/compiled/next-server/app-page.runtime.prod.js:12:109421)
    at d (/app/applet/.next/server/chunks/6204.js:1:23125)
    at h (/app/applet/.next/server/chunks/6204.js:1:15027)
    at au (/app/applet/node_modules/next/dist/compiled/next-server/app-page.runtime.dev.js:35:10446)
    at /app/applet/node_modules/next/dist/compiled/next-server/app-page.runtime.dev.js:35:15122
    at aw (/app/applet/node_modules/next/dist/compiled/next-server/app-page.runtime.dev.js:35:16908)
    at a_ (/app/applet/node_modules/next/dist/compiled/next-server/app-page.runtime.dev.js:35:49776)
    at ab (/app/applet/node_modules/next/dist/compiled/next-server/app-page.runtime.dev.js:35:11808)
    at /app/applet/node_modules/next/dist/compiled/next-server/app-page.runtime.dev.js:35:16871
    at aw (/app/applet/node_modules/next/dist/compiled/next-server/app-page.runtime.dev.js:35:16908)
    at aw (/app/applet/node_modules/next/dist/compiled/next-server/app-page.runtime.dev.js:35:46505)
    at a_ (/app/applet/node_modules/next/dist/compiled/next-server/app-page.runtime.dev.js:35:49776)
    at ab (/app/applet/node_modules/next/dist/compiled/next-server/app-page.runtime.dev.js:35:11808)
    at /app/applet/node_modules/next/dist/compiled/next-server/app-page.runtime.dev.js:35:16871
    at aw (/app/applet/node_modules/next/dist/compiled/next-server/app-page.runtime.dev.js:35:16908)
    at a_ (/app/applet/node_modules/next/dist/compiled/next-server/app-page.runtime.dev.js:35:49776) {
  digest: '789080945'
}
TypeError: Cannot read properties of null (reading 'useContext')
    at t.useContext (/app/applet/node_modules/next/dist/compiled/next-server/app-page.runtime.prod.js:12:109421)
    at d (/app/applet/.next/server/chunks/6204.js:1:23125)
    at h (/app/applet/.next/server/chunks/6204.js:1:15027)
    at au (/app/applet/node_modules/next/dist/compiled/next-server/app-page.runtime.dev.js:35:10446)
    at /app/applet/node_modules/next/dist/compiled/next-server/app-page.runtime.dev.js:35:15122
    at aw (/app/applet/node_modules/next/dist/compiled/next-server/app-page.runtime.dev.js:35:16908)
    at a_ (/app/applet/node_modules/next/dist/compiled/next-server/app-page.runtime.dev.js:35:49776)
    at ab (/app/applet/node_modules/next/dist/compiled/next-server/app-page.runtime.dev.js:35:11808)
    at /app/applet/node_modules/next/dist/compiled/next-server/app-page.runtime.dev.js:35:16871
    at aw (/app/applet/node_modules/next/dist/compiled/next-server/app-page.runtime.dev.js:35:16908)
    at aw (/app/applet/node_modules/next/dist/compiled/next-server/app-page.runtime.dev.js:35:46505)
    at a_ (/app/applet/node_modules/next/dist/compiled/next-server/app-page.runtime.dev.js:35:49776)
    at ab (/app/applet/node_modules/next/dist/compiled/next-server/app-page.runtime.dev.js:35:11808)
    at /app/applet/node_modules/next/dist/compiled/next-server/app-page.runtime.dev.js:35:16871
    at aw (/app/applet/node_modules/next/dist/compiled/next-server/app-page.runtime.dev.js:35:16908)
    at a_ (/app/applet/node_modules/next/dist/compiled/next-server/app-page.runtime.dev.js:35:49776)

Error occurred prerendering page "/dashboard/help". Read more: https://nextjs.org/docs/messages/prerender-error

TypeError: Cannot read properties of null (reading 'useContext')
    at t.useContext (/app/applet/node_modules/next/dist/compiled/next-server/app-page.runtime.prod.js:12:109421)
    at d (/app/applet/.next/server/chunks/6204.js:1:23125)
    at h (/app/applet/.next/server/chunks/6204.js:1:15027)
    at au (/app/applet/node_modules/next/dist/compiled/next-server/app-page.runtime.dev.js:35:10446)
    at /app/applet/node_modules/next/dist/compiled/next-server/app-page.runtime.dev.js:35:15122
    at aw (/app/applet/node_modules/next/dist/compiled/next-server/app-page.runtime.dev.js:35:16908)
    at a_ (/app/applet/node_modules/next/dist/compiled/next-server/app-page.runtime.dev.js:35:49776)
    at ab (/app/applet/node_modules/next/dist/compiled/next-server/app-page.runtime.dev.js:35:11808)
    at /app/applet/node_modules/next/dist/compiled/next-server/app-page.runtime.dev.js:35:16871
    at aw (/app/applet/node_modules/next/dist/compiled/next-server/app-page.runtime.dev.js:35:16908)
    at aw (/app/applet/node_modules/next/dist/compiled/next-server/app-page.runtime.dev.js:35:46505)
    at a_ (/app/applet/node_modules/next/dist/compiled/next-server/app-page.runtime.dev.js:35:49776)
    at ab (/app/applet/node_modules/next/dist/compiled/next-server/app-page.runtime.dev.js:35:11808)
    at /app/applet/node_modules/next/dist/compiled/next-server/app-page.runtime.dev.js:35:16871
    at aw (/app/applet/node_modules/next/dist/compiled/next-server/app-page.runtime.dev.js:35:16908)
    at a_ (/app/applet/node_modules/next/dist/compiled/next-server/app-page.runtime.dev.js:35:49776)
TypeError: Cannot read properties of null (reading 'useContext')
    at t.useContext (/app/applet/node_modules/next/dist/compiled/next-server/app-page.runtime.prod.js:12:109421)
    at d (/app/applet/.next/server/chunks/6204.js:1:23125)
    at h (/app/applet/.next/server/chunks/6204.js:1:15027)
    at au (/app/applet/node_modules/next/dist/compiled/next-server/app-page.runtime.dev.js:35:10446)
    at /app/applet/node_modules/next/dist/compiled/next-server/app-page.runtime.dev.js:35:15122
    at aw (/app/applet/node_modules/next/dist/compiled/next-server/app-page.runtime.dev.js:35:16908)
    at a_ (/app/applet/node_modules/next/dist/compiled/next-server/app-page.runtime.dev.js:35:49776)
    at ab (/app/applet/node_modules/next/dist/compiled/next-server/app-page.runtime.dev.js:35:11808)
    at /app/applet/node_modules/next/dist/compiled/next-server/app-page.runtime.dev.js:35:16871
    at aw (/app/applet/node_modules/next/dist/compiled/next-server/app-page.runtime.dev.js:35:16908)
    at aw (/app/applet/node_modules/next/dist/compiled/next-server/app-page.runtime.dev.js:35:46505)
    at a_ (/app/applet/node_modules/next/dist/compiled/next-server/app-page.runtime.dev.js:35:49776)
    at ab (/app/applet/node_modules/next/dist/compiled/next-server/app-page.runtime.dev.js:35:11808)
    at /app/applet/node_modules/next/dist/compiled/next-server/app-page.runtime.dev.js:35:16871
    at aw (/app/applet/node_modules/next/dist/compiled/next-server/app-page.runtime.dev.js:35:16908)
    at a_ (/app/applet/node_modules/next/dist/compiled/next-server/app-page.runtime.dev.js:35:49776) {
  digest: '789080945'
}
TypeError: Cannot read properties of null (reading 'useContext')
    at t.useContext (/app/applet/node_modules/next/dist/compiled/next-server/app-page.runtime.prod.js:12:109421)
    at d (/app/applet/.next/server/chunks/6204.js:1:23125)
    at h (/app/applet/.next/server/chunks/6204.js:1:15027)
    at au (/app/applet/node_modules/next/dist/compiled/next-server/app-page.runtime.dev.js:35:10446)
    at /app/applet/node_modules/next/dist/compiled/next-server/app-page.runtime.dev.js:35:15122
    at aw (/app/applet/node_modules/next/dist/compiled/next-server/app-page.runtime.dev.js:35:16908)
    at a_ (/app/applet/node_modules/next/dist/compiled/next-server/app-page.runtime.dev.js:35:49776)
    at ab (/app/applet/node_modules/next/dist/compiled/next-server/app-page.runtime.dev.js:35:11808)
    at /app/applet/node_modules/next/dist/compiled/next-server/app-page.runtime.dev.js:35:16871
    at aw (/app/applet/node_modules/next/dist/compiled/next-server/app-page.runtime.dev.js:35:16908)
    at aw (/app/applet/node_modules/next/dist/compiled/next-server/app-page.runtime.dev.js:35:46505)
    at a_ (/app/applet/node_modules/next/dist/compiled/next-server/app-page.runtime.dev.js:35:49776)
    at ab (/app/applet/node_modules/next/dist/compiled/next-server/app-page.runtime.dev.js:35:11808)
    at /app/applet/node_modules/next/dist/compiled/next-server/app-page.runtime.dev.js:35:16871
    at aw (/app/applet/node_modules/next/dist/compiled/next-server/app-page.runtime.dev.js:35:16908)
    at a_ (/app/applet/node_modules/next/dist/compiled/next-server/app-page.runtime.dev.js:35:49776)

Error occurred prerendering page "/dashboard/gwd-rates". Read more: https://nextjs.org/docs/messages/prerender-error

TypeError: Cannot read properties of null (reading 'useContext')
    at t.useContext (/app/applet/node_modules/next/dist/compiled/next-server/app-page.runtime.prod.js:12:109421)
    at d (/app/applet/.next/server/chunks/6204.js:1:23125)
    at h (/app/applet/.next/server/chunks/6204.js:1:15027)
    at au (/app/applet/node_modules/next/dist/compiled/next-server/app-page.runtime.dev.js:35:10446)
    at /app/applet/node_modules/next/dist/compiled/next-server/app-page.runtime.dev.js:35:15122
    at aw (/app/applet/node_modules/next/dist/compiled/next-server/app-page.runtime.dev.js:35:16908)
    at a_ (/app/applet/node_modules/next/dist/compiled/next-server/app-page.runtime.dev.js:35:49776)
    at ab (/app/applet/node_modules/next/dist/compiled/next-server/app-page.runtime.dev.js:35:11808)
    at /app/applet/node_modules/next/dist/compiled/next-server/app-page.runtime.dev.js:35:16871
    at aw (/app/applet/node_modules/next/dist/compiled/next-server/app-page.runtime.dev.js:35:16908)
    at aw (/app/applet/node_modules/next/dist/compiled/next-server/app-page.runtime.dev.js:35:46505)
    at a_ (/app/applet/node_modules/next/dist/compiled/next-server/app-page.runtime.dev.js:35:49776)
    at ab (/app/applet/node_modules/next/dist/compiled/next-server/app-page.runtime.dev.js:35:11808)
    at /app/applet/node_modules/next/dist/compiled/next-server/app-page.runtime.dev.js:35:16871
    at aw (/app/applet/node_modules/next/dist/compiled/next-server/app-page.runtime.dev.js:35:16908)
    at a_ (/app/applet/node_modules/next/dist/compiled/next-server/app-page.runtime.dev.js:35:49776)
TypeError: Cannot read properties of null (reading 'useContext')
    at t.useContext (/app/applet/node_modules/next/dist/compiled/next-server/app-page.runtime.prod.js:12:109421)
    at d (/app/applet/.next/server/chunks/6204.js:1:23125)
    at h (/app/applet/.next/server/chunks/6204.js:1:15027)
    at au (/app/applet/node_modules/next/dist/compiled/next-server/app-page.runtime.dev.js:35:10446)
    at /app/applet/node_modules/next/dist/compiled/next-server/app-page.runtime.dev.js:35:15122
    at aw (/app/applet/node_modules/next/dist/compiled/next-server/app-page.runtime.dev.js:35:16908)
    at a_ (/app/applet/node_modules/next/dist/compiled/next-server/app-page.runtime.dev.js:35:49776)
    at ab (/app/applet/node_modules/next/dist/compiled/next-server/app-page.runtime.dev.js:35:11808)
    at /app/applet/node_modules/next/dist/compiled/next-server/app-page.runtime.dev.js:35:16871
    at aw (/app/applet/node_modules/next/dist/compiled/next-server/app-page.runtime.dev.js:35:16908)
    at aw (/app/applet/node_modules/next/dist/compiled/next-server/app-page.runtime.dev.js:35:46505)
    at a_ (/app/applet/node_modules/next/dist/compiled/next-server/app-page.runtime.dev.js:35:49776)
    at ab (/app/applet/node_modules/next/dist/compiled/next-server/app-page.runtime.dev.js:35:11808)
    at /app/applet/node_modules/next/dist/compiled/next-server/app-page.runtime.dev.js:35:16871
    at aw (/app/applet/node_modules/next/dist/compiled/next-server/app-page.runtime.dev.js:35:16908)
    at a_ (/app/applet/node_modules/next/dist/compiled/next-server/app-page.runtime.dev.js:35:49776) {
  digest: '789080945'
}
TypeError: Cannot read properties of null (reading 'useContext')
    at t.useContext (/app/applet/node_modules/next/dist/compiled/next-server/app-page.runtime.prod.js:12:109421)
    at d (/app/applet/.next/server/chunks/6204.js:1:23125)
    at h (/app/applet/.next/server/chunks/6204.js:1:15027)
    at au (/app/applet/node_modules/next/dist/compiled/next-server/app-page.runtime.dev.js:35:10446)
    at /app/applet/node_modules/next/dist/compiled/next-server/app-page.runtime.dev.js:35:15122
    at aw (/app/applet/node_modules/next/dist/compiled/next-server/app-page.runtime.dev.js:35:16908)
    at a_ (/app/applet/node_modules/next/dist/compiled/next-server/app-page.runtime.dev.js:35:49776)
    at ab (/app/applet/node_modules/next/dist/compiled/next-server/app-page.runtime.dev.js:35:11808)
    at /app/applet/node_modules/next/dist/compiled/next-server/app-page.runtime.dev.js:35:16871
    at aw (/app/applet/node_modules/next/dist/compiled/next-server/app-page.runtime.dev.js:35:16908)
    at aw (/app/applet/node_modules/next/dist/compiled/next-server/app-page.runtime.dev.js:35:46505)
    at a_ (/app/applet/node_modules/next/dist/compiled/next-server/app-page.runtime.dev.js:35:49776)
    at ab (/app/applet/node_modules/next/dist/compiled/next-server/app-page.runtime.dev.js:35:11808)
    at /app/applet/node_modules/next/dist/compiled/next-server/app-page.runtime.dev.js:35:16871
    at aw (/app/applet/node_modules/next/dist/compiled/next-server/app-page.runtime.dev.js:35:16908)
    at a_ (/app/applet/node_modules/next/dist/compiled/next-server/app-page.runtime.dev.js:35:49776)

Error occurred prerendering page "/dashboard/financial-summary". Read more: https://nextjs.org/docs/messages/prerender-error

TypeError: Cannot read properties of null (reading 'useContext')
    at t.useContext (/app/applet/node_modules/next/dist/compiled/next-server/app-page.runtime.prod.js:12:109421)
    at d (/app/applet/.next/server/chunks/6204.js:1:23125)
    at h (/app/applet/.next/server/chunks/6204.js:1:15027)
    at au (/app/applet/node_modules/next/dist/compiled/next-server/app-page.runtime.dev.js:35:10446)
    at /app/applet/node_modules/next/dist/compiled/next-server/app-page.runtime.dev.js:35:15122
    at aw (/app/applet/node_modules/next/dist/compiled/next-server/app-page.runtime.dev.js:35:16908)
    at a_ (/app/applet/node_modules/next/dist/compiled/next-server/app-page.runtime.dev.js:35:49776)
    at ab (/app/applet/node_modules/next/dist/compiled/next-server/app-page.runtime.dev.js:35:11808)
    at /app/applet/node_modules/next/dist/compiled/next-server/app-page.runtime.dev.js:35:16871
    at aw (/app/applet/node_modules/next/dist/compiled/next-server/app-page.runtime.dev.js:35:16908)
    at aw (/app/applet/node_modules/next/dist/compiled/next-server/app-page.runtime.dev.js:35:46505)
    at a_ (/app/applet/node_modules/next/dist/compiled/next-server/app-page.runtime.dev.js:35:49776)
    at ab (/app/applet/node_modules/next/dist/compiled/next-server/app-page.runtime.dev.js:35:11808)
    at /app/applet/node_modules/next/dist/compiled/next-server/app-page.runtime.dev.js:35:16871
    at aw (/app/applet/node_modules/next/dist/compiled/next-server/app-page.runtime.dev.js:35:16908)
    at a_ (/app/applet/node_modules/next/dist/compiled/next-server/app-page.runtime.dev.js:35:49776)
TypeError: Cannot read properties of null (reading 'useContext')
    at t.useContext (/app/applet/node_modules/next/dist/compiled/next-server/app-page.runtime.prod.js:12:109421)
    at d (/app/applet/.next/server/chunks/6204.js:1:23125)
    at h (/app/applet/.next/server/chunks/6204.js:1:15027)
    at au (/app/applet/node_modules/next/dist/compiled/next-server/app-page.runtime.dev.js:35:10446)
    at /app/applet/node_modules/next/dist/compiled/next-server/app-page.runtime.dev.js:35:15122
    at aw (/app/applet/node_modules/next/dist/compiled/next-server/app-page.runtime.dev.js:35:16908)
    at a_ (/app/applet/node_modules/next/dist/compiled/next-server/app-page.runtime.dev.js:35:49776)
    at ab (/app/applet/node_modules/next/dist/compiled/next-server/app-page.runtime.dev.js:35:11808)
    at /app/applet/node_modules/next/dist/compiled/next-server/app-page.runtime.dev.js:35:16871
    at aw (/app/applet/node_modules/next/dist/compiled/next-server/app-page.runtime.dev.js:35:16908)
    at aw (/app/applet/node_modules/next/dist/compiled/next-server/app-page.runtime.dev.js:35:46505)
    at a_ (/app/applet/node_modules/next/dist/compiled/next-server/app-page.runtime.dev.js:35:49776)
    at ab (/app/applet/node_modules/next/dist/compiled/next-server/app-page.runtime.dev.js:35:11808)
    at /app/applet/node_modules/next/dist/compiled/next-server/app-page.runtime.dev.js:35:16871
    at aw (/app/applet/node_modules/next/dist/compiled/next-server/app-page.runtime.dev.js:35:16908)
    at a_ (/app/applet/node_modules/next/dist/compiled/next-server/app-page.runtime.dev.js:35:49776) {
  digest: '789080945'
}
TypeError: Cannot read properties of null (reading 'useContext')
    at t.useContext (/app/applet/node_modules/next/dist/compiled/next-server/app-page.runtime.prod.js:12:109421)
    at d (/app/applet/.next/server/chunks/6204.js:1:23125)
    at h (/app/applet/.next/server/chunks/6204.js:1:15027)
    at au (/app/applet/node_modules/next/dist/compiled/next-server/app-page.runtime.dev.js:35:10446)
    at /app/applet/node_modules/next/dist/compiled/next-server/app-page.runtime.dev.js:35:15122
    at aw (/app/applet/node_modules/next/dist/compiled/next-server/app-page.runtime.dev.js:35:16908)
    at a_ (/app/applet/node_modules/next/dist/compiled/next-server/app-page.runtime.dev.js:35:49776)
    at ab (/app/applet/node_modules/next/dist/compiled/next-server/app-page.runtime.dev.js:35:11808)
    at /app/applet/node_modules/next/dist/compiled/next-server/app-page.runtime.dev.js:35:16871
    at aw (/app/applet/node_modules/next/dist/compiled/next-server/app-page.runtime.dev.js:35:16908)
    at aw (/app/applet/node_modules/next/dist/compiled/next-server/app-page.runtime.dev.js:35:46505)
    at a_ (/app/applet/node_modules/next/dist/compiled/next-server/app-page.runtime.dev.js:35:49776)
    at ab (/app/applet/node_modules/next/dist/compiled/next-server/app-page.runtime.dev.js:35:11808)
    at /app/applet/node_modules/next/dist/compiled/next-server/app-page.runtime.dev.js:35:16871
    at aw (/app/applet/node_modules/next/dist/compiled/next-server/app-page.runtime.dev.js:35:16908)
    at a_ (/app/applet/node_modules/next/dist/compiled/next-server/app-page.runtime.dev.js:35:49776)

Error occurred prerendering page "/dashboard/pending-updates". Read more: https://nextjs.org/docs/messages/prerender-error

TypeError: Cannot read properties of null (reading 'useContext')
    at t.useContext (/app/applet/node_modules/next/dist/compiled/next-server/app-page.runtime.prod.js:12:109421)
    at d (/app/applet/.next/server/chunks/6204.js:1:23125)
    at h (/app/applet/.next/server/chunks/6204.js:1:15027)
    at au (/app/applet/node_modules/next/dist/compiled/next-server/app-page.runtime.dev.js:35:10446)
    at /app/applet/node_modules/next/dist/compiled/next-server/app-page.runtime.dev.js:35:15122
    at aw (/app/applet/node_modules/next/dist/compiled/next-server/app-page.runtime.dev.js:35:16908)
    at a_ (/app/applet/node_modules/next/dist/compiled/next-server/app-page.runtime.dev.js:35:49776)
    at ab (/app/applet/node_modules/next/dist/compiled/next-server/app-page.runtime.dev.js:35:11808)
    at /app/applet/node_modules/next/dist/compiled/next-server/app-page.runtime.dev.js:35:16871
    at aw (/app/applet/node_modules/next/dist/compiled/next-server/app-page.runtime.dev.js:35:16908)
    at aw (/app/applet/node_modules/next/dist/compiled/next-server/app-page.runtime.dev.js:35:46505)
    at a_ (/app/applet/node_modules/next/dist/compiled/next-server/app-page.runtime.dev.js:35:49776)
    at ab (/app/applet/node_modules/next/dist/compiled/next-server/app-page.runtime.dev.js:35:11808)
    at /app/applet/node_modules/next/dist/compiled/next-server/app-page.runtime.dev.js:35:16871
    at aw (/app/applet/node_modules/next/dist/compiled/next-server/app-page.runtime.dev.js:35:16908)
    at a_ (/app/applet/node_modules/next/dist/compiled/next-server/app-page.runtime.dev.js:35:49776)
TypeError: Cannot read properties of null (reading 'useContext')
    at t.useContext (/app/applet/node_modules/next/dist/compiled/next-server/app-page.runtime.prod.js:12:109421)
    at d (/app/applet/.next/server/chunks/6204.js:1:23125)
    at h (/app/applet/.next/server/chunks/6204.js:1:15027)
    at au (/app/applet/node_modules/next/dist/compiled/next-server/app-page.runtime.dev.js:35:10446)
    at /app/applet/node_modules/next/dist/compiled/next-server/app-page.runtime.dev.js:35:15122
    at aw (/app/applet/node_modules/next/dist/compiled/next-server/app-page.runtime.dev.js:35:16908)
    at a_ (/app/applet/node_modules/next/dist/compiled/next-server/app-page.runtime.dev.js:35:49776)
    at ab (/app/applet/node_modules/next/dist/compiled/next-server/app-page.runtime.dev.js:35:11808)
    at /app/applet/node_modules/next/dist/compiled/next-server/app-page.runtime.dev.js:35:16871
    at aw (/app/applet/node_modules/next/dist/compiled/next-server/app-page.runtime.dev.js:35:16908)
    at aw (/app/applet/node_modules/next/dist/compiled/next-server/app-page.runtime.dev.js:35:46505)
    at a_ (/app/applet/node_modules/next/dist/compiled/next-server/app-page.runtime.dev.js:35:49776)
    at ab (/app/applet/node_modules/next/dist/compiled/next-server/app-page.runtime.dev.js:35:11808)
    at /app/applet/node_modules/next/dist/compiled/next-server/app-page.runtime.dev.js:35:16871
    at aw (/app/applet/node_modules/next/dist/compiled/next-server/app-page.runtime.dev.js:35:16908)
    at a_ (/app/applet/node_modules/next/dist/compiled/next-server/app-page.runtime.dev.js:35:49776) {
  digest: '789080945'
}
TypeError: Cannot read properties of null (reading 'useContext')
    at t.useContext (/app/applet/node_modules/next/dist/compiled/next-server/app-page.runtime.prod.js:12:109421)
    at d (/app/applet/.next/server/chunks/6204.js:1:23125)
    at h (/app/applet/.next/server/chunks/6204.js:1:15027)
    at au (/app/applet/node_modules/next/dist/compiled/next-server/app-page.runtime.dev.js:35:10446)
    at /app/applet/node_modules/next/dist/compiled/next-server/app-page.runtime.dev.js:35:15122
    at aw (/app/applet/node_modules/next/dist/compiled/next-server/app-page.runtime.dev.js:35:16908)
    at a_ (/app/applet/node_modules/next/dist/compiled/next-server/app-page.runtime.dev.js:35:49776)
    at ab (/app/applet/node_modules/next/dist/compiled/next-server/app-page.runtime.dev.js:35:11808)
    at /app/applet/node_modules/next/dist/compiled/next-server/app-page.runtime.dev.js:35:16871
    at aw (/app/applet/node_modules/next/dist/compiled/next-server/app-page.runtime.dev.js:35:16908)
    at aw (/app/applet/node_modules/next/dist/compiled/next-server/app-page.runtime.dev.js:35:46505)
    at a_ (/app/applet/node_modules/next/dist/compiled/next-server/app-page.runtime.dev.js:35:49776)
    at ab (/app/applet/node_modules/next/dist/compiled/next-server/app-page.runtime.dev.js:35:11808)
    at /app/applet/node_modules/next/dist/compiled/next-server/app-page.runtime.dev.js:35:16871
    at aw (/app/applet/node_modules/next/dist/compiled/next-server/app-page.runtime.dev.js:35:16908)
    at a_ (/app/applet/node_modules/next/dist/compiled/next-server/app-page.runtime.dev.js:35:49776)

Error occurred prerendering page "/dashboard/plan-fund-works". Read more: https://nextjs.org/docs/messages/prerender-error

TypeError: Cannot read properties of null (reading 'useContext')
    at t.useContext (/app/applet/node_modules/next/dist/compiled/next-server/app-page.runtime.prod.js:12:109421)
    at d (/app/applet/.next/server/chunks/6204.js:1:23125)
    at h (/app/applet/.next/server/chunks/6204.js:1:15027)
    at au (/app/applet/node_modules/next/dist/compiled/next-server/app-page.runtime.dev.js:35:10446)
    at /app/applet/node_modules/next/dist/compiled/next-server/app-page.runtime.dev.js:35:15122
    at aw (/app/applet/node_modules/next/dist/compiled/next-server/app-page.runtime.dev.js:35:16908)
    at a_ (/app/applet/node_modules/next/dist/compiled/next-server/app-page.runtime.dev.js:35:49776)
    at ab (/app/applet/node_modules/next/dist/compiled/next-server/app-page.runtime.dev.js:35:11808)
    at /app/applet/node_modules/next/dist/compiled/next-server/app-page.runtime.dev.js:35:16871
    at aw (/app/applet/node_modules/next/dist/compiled/next-server/app-page.runtime.dev.js:35:16908)
    at aw (/app/applet/node_modules/next/dist/compiled/next-server/app-page.runtime.dev.js:35:46505)
    at a_ (/app/applet/node_modules/next/dist/compiled/next-server/app-page.runtime.dev.js:35:49776)
    at ab (/app/applet/node_modules/next/dist/compiled/next-server/app-page.runtime.dev.js:35:11808)
    at /app/applet/node_modules/next/dist/compiled/next-server/app-page.runtime.dev.js:35:16871
    at aw (/app/applet/node_modules/next/dist/compiled/next-server/app-page.runtime.dev.js:35:16908)
    at a_ (/app/applet/node_modules/next/dist/compiled/next-server/app-page.runtime.dev.js:35:49776)
TypeError: Cannot read properties of null (reading 'useContext')
    at t.useContext (/app/applet/node_modules/next/dist/compiled/next-server/app-page.runtime.prod.js:12:109421)
    at d (/app/applet/.next/server/chunks/6204.js:1:23125)
    at h (/app/applet/.next/server/chunks/6204.js:1:15027)
    at au (/app/applet/node_modules/next/dist/compiled/next-server/app-page.runtime.dev.js:35:10446)
    at /app/applet/node_modules/next/dist/compiled/next-server/app-page.runtime.dev.js:35:15122
    at aw (/app/applet/node_modules/next/dist/compiled/next-server/app-page.runtime.dev.js:35:16908)
    at a_ (/app/applet/node_modules/next/dist/compiled/next-server/app-page.runtime.dev.js:35:49776)
    at ab (/app/applet/node_modules/next/dist/compiled/next-server/app-page.runtime.dev.js:35:11808)
    at /app/applet/node_modules/next/dist/compiled/next-server/app-page.runtime.dev.js:35:16871
    at aw (/app/applet/node_modules/next/dist/compiled/next-server/app-page.runtime.dev.js:35:16908)
    at aw (/app/applet/node_modules/next/dist/compiled/next-server/app-page.runtime.dev.js:35:46505)
    at a_ (/app/applet/node_modules/next/dist/compiled/next-server/app-page.runtime.dev.js:35:49776)
    at ab (/app/applet/node_modules/next/dist/compiled/next-server/app-page.runtime.dev.js:35:11808)
    at /app/applet/node_modules/next/dist/compiled/next-server/app-page.runtime.dev.js:35:16871
    at aw (/app/applet/node_modules/next/dist/compiled/next-server/app-page.runtime.dev.js:35:16908)
    at a_ (/app/applet/node_modules/next/dist/compiled/next-server/app-page.runtime.dev.js:35:49776) {
  digest: '789080945'
}
TypeError: Cannot read properties of null (reading 'useContext')
    at t.useContext (/app/applet/node_modules/next/dist/compiled/next-server/app-page.runtime.prod.js:12:109421)
    at d (/app/applet/.next/server/chunks/6204.js:1:23125)
    at h (/app/applet/.next/server/chunks/6204.js:1:15027)
    at au (/app/applet/node_modules/next/dist/compiled/next-server/app-page.runtime.dev.js:35:10446)
    at /app/applet/node_modules/next/dist/compiled/next-server/app-page.runtime.dev.js:35:15122
    at aw (/app/applet/node_modules/next/dist/compiled/next-server/app-page.runtime.dev.js:35:16908)
    at a_ (/app/applet/node_modules/next/dist/compiled/next-server/app-page.runtime.dev.js:35:49776)
    at ab (/app/applet/node_modules/next/dist/compiled/next-server/app-page.runtime.dev.js:35:11808)
    at /app/applet/node_modules/next/dist/compiled/next-server/app-page.runtime.dev.js:35:16871
    at aw (/app/applet/node_modules/next/dist/compiled/next-server/app-page.runtime.dev.js:35:16908)
    at aw (/app/applet/node_modules/next/dist/compiled/next-server/app-page.runtime.dev.js:35:46505)
    at a_ (/app/applet/node_modules/next/dist/compiled/next-server/app-page.runtime.dev.js:35:49776)
    at ab (/app/applet/node_modules/next/dist/compiled/next-server/app-page.runtime.dev.js:35:11808)
    at /app/applet/node_modules/next/dist/compiled/next-server/app-page.runtime.dev.js:35:16871
    at aw (/app/applet/node_modules/next/dist/compiled/next-server/app-page.runtime.dev.js:35:16908)
    at a_ (/app/applet/node_modules/next/dist/compiled/next-server/app-page.runtime.dev.js:35:49776)

Error occurred prerendering page "/dashboard/logging-pumping-test". Read more: https://nextjs.org/docs/messages/prerender-error

TypeError: Cannot read properties of null (reading 'useContext')
    at t.useContext (/app/applet/node_modules/next/dist/compiled/next-server/app-page.runtime.prod.js:12:109421)
    at d (/app/applet/.next/server/chunks/6204.js:1:23125)
    at h (/app/applet/.next/server/chunks/6204.js:1:15027)
    at au (/app/applet/node_modules/next/dist/compiled/next-server/app-page.runtime.dev.js:35:10446)
    at /app/applet/node_modules/next/dist/compiled/next-server/app-page.runtime.dev.js:35:15122
    at aw (/app/applet/node_modules/next/dist/compiled/next-server/app-page.runtime.dev.js:35:16908)
    at a_ (/app/applet/node_modules/next/dist/compiled/next-server/app-page.runtime.dev.js:35:49776)
    at ab (/app/applet/node_modules/next/dist/compiled/next-server/app-page.runtime.dev.js:35:11808)
    at /app/applet/node_modules/next/dist/compiled/next-server/app-page.runtime.dev.js:35:16871
    at aw (/app/applet/node_modules/next/dist/compiled/next-server/app-page.runtime.dev.js:35:16908)
    at aw (/app/applet/node_modules/next/dist/compiled/next-server/app-page.runtime.dev.js:35:46505)
    at a_ (/app/applet/node_modules/next/dist/compiled/next-server/app-page.runtime.dev.js:35:49776)
    at ab (/app/applet/node_modules/next/dist/compiled/next-server/app-page.runtime.dev.js:35:11808)
    at /app/applet/node_modules/next/dist/compiled/next-server/app-page.runtime.dev.js:35:16871
    at aw (/app/applet/node_modules/next/dist/compiled/next-server/app-page.runtime.dev.js:35:16908)
    at a_ (/app/applet/node_modules/next/dist/compiled/next-server/app-page.runtime.dev.js:35:49776)
TypeError: Cannot read properties of null (reading 'useContext')
    at t.useContext (/app/applet/node_modules/next/dist/compiled/next-server/app-page.runtime.prod.js:12:109421)
    at d (/app/applet/.next/server/chunks/6204.js:1:23125)
    at h (/app/applet/.next/server/chunks/6204.js:1:15027)
    at au (/app/applet/node_modules/next/dist/compiled/next-server/app-page.runtime.dev.js:35:10446)
    at /app/applet/node_modules/next/dist/compiled/next-server/app-page.runtime.dev.js:35:15122
    at aw (/app/applet/node_modules/next/dist/compiled/next-server/app-page.runtime.dev.js:35:16908)
    at a_ (/app/applet/node_modules/next/dist/compiled/next-server/app-page.runtime.dev.js:35:49776)
    at ab (/app/applet/node_modules/next/dist/compiled/next-server/app-page.runtime.dev.js:35:11808)
    at /app/applet/node_modules/next/dist/compiled/next-server/app-page.runtime.dev.js:35:16871
    at aw (/app/applet/node_modules/next/dist/compiled/next-server/app-page.runtime.dev.js:35:16908)
    at aw (/app/applet/node_modules/next/dist/compiled/next-server/app-page.runtime.dev.js:35:46505)
    at a_ (/app/applet/node_modules/next/dist/compiled/next-server/app-page.runtime.dev.js:35:49776)
    at ab (/app/applet/node_modules/next/dist/compiled/next-server/app-page.runtime.dev.js:35:11808)
    at /app/applet/node_modules/next/dist/compiled/next-server/app-page.runtime.dev.js:35:16871
    at aw (/app/applet/node_modules/next/dist/compiled/next-server/app-page.runtime.dev.js:35:16908)
    at a_ (/app/applet/node_modules/next/dist/compiled/next-server/app-page.runtime.dev.js:35:49776) {
  digest: '789080945'
}
TypeError: Cannot read properties of null (reading 'useContext')
    at t.useContext (/app/applet/node_modules/next/dist/compiled/next-server/app-page.runtime.prod.js:12:109421)
    at d (/app/applet/.next/server/chunks/6204.js:1:23125)
    at h (/app/applet/.next/server/chunks/6204.js:1:15027)
    at au (/app/applet/node_modules/next/dist/compiled/next-server/app-page.runtime.dev.js:35:10446)
    at /app/applet/node_modules/next/dist/compiled/next-server/app-page.runtime.dev.js:35:15122
    at aw (/app/applet/node_modules/next/dist/compiled/next-server/app-page.runtime.dev.js:35:16908)
    at a_ (/app/applet/node_modules/next/dist/compiled/next-server/app-page.runtime.dev.js:35:49776)
    at ab (/app/applet/node_modules/next/dist/compiled/next-server/app-page.runtime.dev.js:35:11808)
    at /app/applet/node_modules/next/dist/compiled/next-server/app-page.runtime.dev.js:35:16871
    at aw (/app/applet/node_modules/next/dist/compiled/next-server/app-page.runtime.dev.js:35:16908)
    at aw (/app/applet/node_modules/next/dist/compiled/next-server/app-page.runtime.dev.js:35:46505)
    at a_ (/app/applet/node_modules/next/dist/compiled/next-server/app-page.runtime.dev.js:35:49776)
    at ab (/app/applet/node_modules/next/dist/compiled/next-server/app-page.runtime.dev.js:35:11808)
    at /app/applet/node_modules/next/dist/compiled/next-server/app-page.runtime.dev.js:35:16871
    at aw (/app/applet/node_modules/next/dist/compiled/next-server/app-page.runtime.dev.js:35:16908)
    at a_ (/app/applet/node_modules/next/dist/compiled/next-server/app-page.runtime.dev.js:35:49776)

Error occurred prerendering page "/dashboard/establishment". Read more: https://nextjs.org/docs/messages/prerender-error

TypeError: Cannot read properties of null (reading 'useContext')
    at t.useContext (/app/applet/node_modules/next/dist/compiled/next-server/app-page.runtime.prod.js:12:109421)
    at d (/app/applet/.next/server/chunks/6204.js:1:23125)
    at h (/app/applet/.next/server/chunks/6204.js:1:15027)
    at au (/app/applet/node_modules/next/dist/compiled/next-server/app-page.runtime.dev.js:35:10446)
    at /app/applet/node_modules/next/dist/compiled/next-server/app-page.runtime.dev.js:35:15122
    at aw (/app/applet/node_modules/next/dist/compiled/next-server/app-page.runtime.dev.js:35:16908)
    at a_ (/app/applet/node_modules/next/dist/compiled/next-server/app-page.runtime.dev.js:35:49776)
    at ab (/app/applet/node_modules/next/dist/compiled/next-server/app-page.runtime.dev.js:35:11808)
    at /app/applet/node_modules/next/dist/compiled/next-server/app-page.runtime.dev.js:35:16871
    at aw (/app/applet/node_modules/next/dist/compiled/next-server/app-page.runtime.dev.js:35:16908)
    at aw (/app/applet/node_modules/next/dist/compiled/next-server/app-page.runtime.dev.js:35:46505)
    at a_ (/app/applet/node_modules/next/dist/compiled/next-server/app-page.runtime.dev.js:35:49776)
    at ab (/app/applet/node_modules/next/dist/compiled/next-server/app-page.runtime.dev.js:35:11808)
    at /app/applet/node_modules/next/dist/compiled/next-server/app-page.runtime.dev.js:35:16871
    at aw (/app/applet/node_modules/next/dist/compiled/next-server/app-page.runtime.dev.js:35:16908)
    at a_ (/app/applet/node_modules/next/dist/compiled/next-server/app-page.runtime.dev.js:35:49776)
TypeError: Cannot read properties of null (reading 'useContext')
    at t.useContext (/app/applet/node_modules/next/dist/compiled/next-server/app-page.runtime.prod.js:12:109421)
    at d (/app/applet/.next/server/chunks/6204.js:1:23125)
    at h (/app/applet/.next/server/chunks/6204.js:1:15027)
    at au (/app/applet/node_modules/next/dist/compiled/next-server/app-page.runtime.dev.js:35:10446)
    at /app/applet/node_modules/next/dist/compiled/next-server/app-page.runtime.dev.js:35:15122
    at aw (/app/applet/node_modules/next/dist/compiled/next-server/app-page.runtime.dev.js:35:16908)
    at a_ (/app/applet/node_modules/next/dist/compiled/next-server/app-page.runtime.dev.js:35:49776)
    at ab (/app/applet/node_modules/next/dist/compiled/next-server/app-page.runtime.dev.js:35:11808)
    at /app/applet/node_modules/next/dist/compiled/next-server/app-page.runtime.dev.js:35:16871
    at aw (/app/applet/node_modules/next/dist/compiled/next-server/app-page.runtime.dev.js:35:16908)
    at aw (/app/applet/node_modules/next/dist/compiled/next-server/app-page.runtime.dev.js:35:46505)
    at a_ (/app/applet/node_modules/next/dist/compiled/next-server/app-page.runtime.dev.js:35:49776)
    at ab (/app/applet/node_modules/next/dist/compiled/next-server/app-page.runtime.dev.js:35:11808)
    at /app/applet/node_modules/next/dist/compiled/next-server/app-page.runtime.dev.js:35:16871
    at aw (/app/applet/node_modules/next/dist/compiled/next-server/app-page.runtime.dev.js:35:16908)
    at a_ (/app/applet/node_modules/next/dist/compiled/next-server/app-page.runtime.dev.js:35:49776) {
  digest: '789080945'
}
TypeError: Cannot read properties of null (reading 'useContext')
    at t.useContext (/app/applet/node_modules/next/dist/compiled/next-server/app-page.runtime.prod.js:12:109421)
    at d (/app/applet/.next/server/chunks/6204.js:1:23125)
    at h (/app/applet/.next/server/chunks/6204.js:1:15027)
    at au (/app/applet/node_modules/next/dist/compiled/next-server/app-page.runtime.dev.js:35:10446)
    at /app/applet/node_modules/next/dist/compiled/next-server/app-page.runtime.dev.js:35:15122
    at aw (/app/applet/node_modules/next/dist/compiled/next-server/app-page.runtime.dev.js:35:16908)
    at a_ (/app/applet/node_modules/next/dist/compiled/next-server/app-page.runtime.dev.js:35:49776)
    at ab (/app/applet/node_modules/next/dist/compiled/next-server/app-page.runtime.dev.js:35:11808)
    at /app/applet/node_modules/next/dist/compiled/next-server/app-page.runtime.dev.js:35:16871
    at aw (/app/applet/node_modules/next/dist/compiled/next-server/app-page.runtime.dev.js:35:16908)
    at aw (/app/applet/node_modules/next/dist/compiled/next-server/app-page.runtime.dev.js:35:46505)
    at a_ (/app/applet/node_modules/next/dist/compiled/next-server/app-page.runtime.dev.js:35:49776)
    at ab (/app/applet/node_modules/next/dist/compiled/next-server/app-page.runtime.dev.js:35:11808)
    at /app/applet/node_modules/next/dist/compiled/next-server/app-page.runtime.dev.js:35:16871
    at aw (/app/applet/node_modules/next/dist/compiled/next-server/app-page.runtime.dev.js:35:16908)
    at a_ (/app/applet/node_modules/next/dist/compiled/next-server/app-page.runtime.dev.js:35:49776)

Error occurred prerendering page "/dashboard/private-deposit-works". Read more: https://nextjs.org/docs/messages/prerender-error

TypeError: Cannot read properties of null (reading 'useContext')
    at t.useContext (/app/applet/node_modules/next/dist/compiled/next-server/app-page.runtime.prod.js:12:109421)
    at d (/app/applet/.next/server/chunks/6204.js:1:23125)
    at h (/app/applet/.next/server/chunks/6204.js:1:15027)
    at au (/app/applet/node_modules/next/dist/compiled/next-server/app-page.runtime.dev.js:35:10446)
    at /app/applet/node_modules/next/dist/compiled/next-server/app-page.runtime.dev.js:35:15122
    at aw (/app/applet/node_modules/next/dist/compiled/next-server/app-page.runtime.dev.js:35:16908)
    at a_ (/app/applet/node_modules/next/dist/compiled/next-server/app-page.runtime.dev.js:35:49776)
    at ab (/app/applet/node_modules/next/dist/compiled/next-server/app-page.runtime.dev.js:35:11808)
    at /app/applet/node_modules/next/dist/compiled/next-server/app-page.runtime.dev.js:35:16871
    at aw (/app/applet/node_modules/next/dist/compiled/next-server/app-page.runtime.dev.js:35:16908)
    at aw (/app/applet/node_modules/next/dist/compiled/next-server/app-page.runtime.dev.js:35:46505)
    at a_ (/app/applet/node_modules/next/dist/compiled/next-server/app-page.runtime.dev.js:35:49776)
    at ab (/app/applet/node_modules/next/dist/compiled/next-server/app-page.runtime.dev.js:35:11808)
    at /app/applet/node_modules/next/dist/compiled/next-server/app-page.runtime.dev.js:35:16871
    at aw (/app/applet/node_modules/next/dist/compiled/next-server/app-page.runtime.dev.js:35:16908)
    at a_ (/app/applet/node_modules/next/dist/compiled/next-server/app-page.runtime.dev.js:35:49776)
   Generating static pages (24/50) 
TypeError: Cannot read properties of null (reading 'useContext')
    at t.useContext (/app/applet/node_modules/next/dist/compiled/next-server/app-page.runtime.prod.js:12:109421)
    at d (/app/applet/.next/server/chunks/6204.js:1:23125)
    at h (/app/applet/.next/server/chunks/6204.js:1:15027)
    at au (/app/applet/node_modules/next/dist/compiled/next-server/app-page.runtime.dev.js:35:10446)
    at /app/applet/node_modules/next/dist/compiled/next-server/app-page.runtime.dev.js:35:15122
    at aw (/app/applet/node_modules/next/dist/compiled/next-server/app-page.runtime.dev.js:35:16908)
    at a_ (/app/applet/node_modules/next/dist/compiled/next-server/app-page.runtime.dev.js:35:49776)
    at ab (/app/applet/node_modules/next/dist/compiled/next-server/app-page.runtime.dev.js:35:11808)
    at /app/applet/node_modules/next/dist/compiled/next-server/app-page.runtime.dev.js:35:16871
    at aw (/app/applet/node_modules/next/dist/compiled/next-server/app-page.runtime.dev.js:35:16908)
    at aw (/app/applet/node_modules/next/dist/compiled/next-server/app-page.runtime.dev.js:35:46505)
    at a_ (/app/applet/node_modules/next/dist/compiled/next-server/app-page.runtime.dev.js:35:49776)
    at ab (/app/applet/node_modules/next/dist/compiled/next-server/app-page.runtime.dev.js:35:11808)
    at /app/applet/node_modules/next/dist/compiled/next-server/app-page.runtime.dev.js:35:16871
    at aw (/app/applet/node_modules/next/dist/compiled/next-server/app-page.runtime.dev.js:35:16908)
    at a_ (/app/applet/node_modules/next/dist/compiled/next-server/app-page.runtime.dev.js:35:49776) {
  digest: '789080945'
}
TypeError: Cannot read properties of null (reading 'useContext')
    at t.useContext (/app/applet/node_modules/next/dist/compiled/next-server/app-page.runtime.prod.js:12:109421)
    at d (/app/applet/.next/server/chunks/6204.js:1:23125)
    at h (/app/applet/.next/server/chunks/6204.js:1:15027)
    at au (/app/applet/node_modules/next/dist/compiled/next-server/app-page.runtime.dev.js:35:10446)
    at /app/applet/node_modules/next/dist/compiled/next-server/app-page.runtime.dev.js:35:15122
    at aw (/app/applet/node_modules/next/dist/compiled/next-server/app-page.runtime.dev.js:35:16908)
    at a_ (/app/applet/node_modules/next/dist/compiled/next-server/app-page.runtime.dev.js:35:49776)
    at ab (/app/applet/node_modules/next/dist/compiled/next-server/app-page.runtime.dev.js:35:11808)
    at /app/applet/node_modules/next/dist/compiled/next-server/app-page.runtime.dev.js:35:16871
    at aw (/app/applet/node_modules/next/dist/compiled/next-server/app-page.runtime.dev.js:35:16908)
    at aw (/app/applet/node_modules/next/dist/compiled/next-server/app-page.runtime.dev.js:35:46505)
    at a_ (/app/applet/node_modules/next/dist/compiled/next-server/app-page.runtime.dev.js:35:49776)
    at ab (/app/applet/node_modules/next/dist/compiled/next-server/app-page.runtime.dev.js:35:11808)
    at /app/applet/node_modules/next/dist/compiled/next-server/app-page.runtime.dev.js:35:16871
    at aw (/app/applet/node_modules/next/dist/compiled/next-server/app-page.runtime.dev.js:35:16908)
    at a_ (/app/applet/node_modules/next/dist/compiled/next-server/app-page.runtime.dev.js:35:49776)

Error occurred prerendering page "/dashboard". Read more: https://nextjs.org/docs/messages/prerender-error

TypeError: Cannot read properties of null (reading 'useContext')
    at t.useContext (/app/applet/node_modules/next/dist/compiled/next-server/app-page.runtime.prod.js:12:109421)
    at d (/app/applet/.next/server/chunks/6204.js:1:23125)
    at h (/app/applet/.next/server/chunks/6204.js:1:15027)
    at au (/app/applet/node_modules/next/dist/compiled/next-server/app-page.runtime.dev.js:35:10446)
    at /app/applet/node_modules/next/dist/compiled/next-server/app-page.runtime.dev.js:35:15122
    at aw (/app/applet/node_modules/next/dist/compiled/next-server/app-page.runtime.dev.js:35:16908)
    at a_ (/app/applet/node_modules/next/dist/compiled/next-server/app-page.runtime.dev.js:35:49776)
    at ab (/app/applet/node_modules/next/dist/compiled/next-server/app-page.runtime.dev.js:35:11808)
    at /app/applet/node_modules/next/dist/compiled/next-server/app-page.runtime.dev.js:35:16871
    at aw (/app/applet/node_modules/next/dist/compiled/next-server/app-page.runtime.dev.js:35:16908)
    at aw (/app/applet/node_modules/next/dist/compiled/next-server/app-page.runtime.dev.js:35:46505)
    at a_ (/app/applet/node_modules/next/dist/compiled/next-server/app-page.runtime.dev.js:35:49776)
    at ab (/app/applet/node_modules/next/dist/compiled/next-server/app-page.runtime.dev.js:35:11808)
    at /app/applet/node_modules/next/dist/compiled/next-server/app-page.runtime.dev.js:35:16871
    at aw (/app/applet/node_modules/next/dist/compiled/next-server/app-page.runtime.dev.js:35:16908)
    at a_ (/app/applet/node_modules/next/dist/compiled/next-server/app-page.runtime.dev.js:35:49776)
TypeError: Cannot read properties of null (reading 'useContext')
    at t.useContext (/app/applet/node_modules/next/dist/compiled/next-server/app-page.runtime.prod.js:12:109421)
    at d (/app/applet/.next/server/chunks/6204.js:1:23125)
    at h (/app/applet/.next/server/chunks/6204.js:1:15027)
    at au (/app/applet/node_modules/next/dist/compiled/next-server/app-page.runtime.dev.js:35:10446)
    at /app/applet/node_modules/next/dist/compiled/next-server/app-page.runtime.dev.js:35:15122
    at aw (/app/applet/node_modules/next/dist/compiled/next-server/app-page.runtime.dev.js:35:16908)
    at a_ (/app/applet/node_modules/next/dist/compiled/next-server/app-page.runtime.dev.js:35:49776)
    at ab (/app/applet/node_modules/next/dist/compiled/next-server/app-page.runtime.dev.js:35:11808)
    at /app/applet/node_modules/next/dist/compiled/next-server/app-page.runtime.dev.js:35:16871
    at aw (/app/applet/node_modules/next/dist/compiled/next-server/app-page.runtime.dev.js:35:16908)
    at aw (/app/applet/node_modules/next/dist/compiled/next-server/app-page.runtime.dev.js:35:46505)
    at a_ (/app/applet/node_modules/next/dist/compiled/next-server/app-page.runtime.dev.js:35:49776)
    at ab (/app/applet/node_modules/next/dist/compiled/next-server/app-page.runtime.dev.js:35:11808)
    at /app/applet/node_modules/next/dist/compiled/next-server/app-page.runtime.dev.js:35:16871
    at aw (/app/applet/node_modules/next/dist/compiled/next-server/app-page.runtime.dev.js:35:16908)
    at a_ (/app/applet/node_modules/next/dist/compiled/next-server/app-page.runtime.dev.js:35:49776) {
  digest: '789080945'
}
TypeError: Cannot read properties of null (reading 'useContext')
    at t.useContext (/app/applet/node_modules/next/dist/compiled/next-server/app-page.runtime.prod.js:12:109421)
    at d (/app/applet/.next/server/chunks/6204.js:1:23125)
    at h (/app/applet/.next/server/chunks/6204.js:1:15027)
    at au (/app/applet/node_modules/next/dist/compiled/next-server/app-page.runtime.dev.js:35:10446)
    at /app/applet/node_modules/next/dist/compiled/next-server/app-page.runtime.dev.js:35:15122
    at aw (/app/applet/node_modules/next/dist/compiled/next-server/app-page.runtime.dev.js:35:16908)
    at a_ (/app/applet/node_modules/next/dist/compiled/next-server/app-page.runtime.dev.js:35:49776)
    at ab (/app/applet/node_modules/next/dist/compiled/next-server/app-page.runtime.dev.js:35:11808)
    at /app/applet/node_modules/next/dist/compiled/next-server/app-page.runtime.dev.js:35:16871
    at aw (/app/applet/node_modules/next/dist/compiled/next-server/app-page.runtime.dev.js:35:16908)
    at aw (/app/applet/node_modules/next/dist/compiled/next-server/app-page.runtime.dev.js:35:46505)
    at a_ (/app/applet/node_modules/next/dist/compiled/next-server/app-page.runtime.dev.js:35:49776)
    at ab (/app/applet/node_modules/next/dist/compiled/next-server/app-page.runtime.dev.js:35:11808)
    at /app/applet/node_modules/next/dist/compiled/next-server/app-page.runtime.dev.js:35:16871
    at aw (/app/applet/node_modules/next/dist/compiled/next-server/app-page.runtime.dev.js:35:16908)
    at a_ (/app/applet/node_modules/next/dist/compiled/next-server/app-page.runtime.dev.js:35:49776)

Error occurred prerendering page "/dashboard/profile". Read more: https://nextjs.org/docs/messages/prerender-error

TypeError: Cannot read properties of null (reading 'useContext')
    at t.useContext (/app/applet/node_modules/next/dist/compiled/next-server/app-page.runtime.prod.js:12:109421)
    at d (/app/applet/.next/server/chunks/6204.js:1:23125)
    at h (/app/applet/.next/server/chunks/6204.js:1:15027)
    at au (/app/applet/node_modules/next/dist/compiled/next-server/app-page.runtime.dev.js:35:10446)
    at /app/applet/node_modules/next/dist/compiled/next-server/app-page.runtime.dev.js:35:15122
    at aw (/app/applet/node_modules/next/dist/compiled/next-server/app-page.runtime.dev.js:35:16908)
    at a_ (/app/applet/node_modules/next/dist/compiled/next-server/app-page.runtime.dev.js:35:49776)
    at ab (/app/applet/node_modules/next/dist/compiled/next-server/app-page.runtime.dev.js:35:11808)
    at /app/applet/node_modules/next/dist/compiled/next-server/app-page.runtime.dev.js:35:16871
    at aw (/app/applet/node_modules/next/dist/compiled/next-server/app-page.runtime.dev.js:35:16908)
    at aw (/app/applet/node_modules/next/dist/compiled/next-server/app-page.runtime.dev.js:35:46505)
    at a_ (/app/applet/node_modules/next/dist/compiled/next-server/app-page.runtime.dev.js:35:49776)
    at ab (/app/applet/node_modules/next/dist/compiled/next-server/app-page.runtime.dev.js:35:11808)
    at /app/applet/node_modules/next/dist/compiled/next-server/app-page.runtime.dev.js:35:16871
    at aw (/app/applet/node_modules/next/dist/compiled/next-server/app-page.runtime.dev.js:35:16908)
    at a_ (/app/applet/node_modules/next/dist/compiled/next-server/app-page.runtime.dev.js:35:49776)
TypeError: Cannot read properties of null (reading 'useContext')
    at t.useContext (/app/applet/node_modules/next/dist/compiled/next-server/app-page.runtime.prod.js:12:109421)
    at d (/app/applet/.next/server/chunks/6204.js:1:23125)
    at h (/app/applet/.next/server/chunks/6204.js:1:15027)
    at au (/app/applet/node_modules/next/dist/compiled/next-server/app-page.runtime.dev.js:35:10446)
    at /app/applet/node_modules/next/dist/compiled/next-server/app-page.runtime.dev.js:35:15122
    at aw (/app/applet/node_modules/next/dist/compiled/next-server/app-page.runtime.dev.js:35:16908)
    at a_ (/app/applet/node_modules/next/dist/compiled/next-server/app-page.runtime.dev.js:35:49776)
    at ab (/app/applet/node_modules/next/dist/compiled/next-server/app-page.runtime.dev.js:35:11808)
    at /app/applet/node_modules/next/dist/compiled/next-server/app-page.runtime.dev.js:35:16871
    at aw (/app/applet/node_modules/next/dist/compiled/next-server/app-page.runtime.dev.js:35:16908)
    at aw (/app/applet/node_modules/next/dist/compiled/next-server/app-page.runtime.dev.js:35:46505)
    at a_ (/app/applet/node_modules/next/dist/compiled/next-server/app-page.runtime.dev.js:35:49776)
    at ab (/app/applet/node_modules/next/dist/compiled/next-server/app-page.runtime.dev.js:35:11808)
    at /app/applet/node_modules/next/dist/compiled/next-server/app-page.runtime.dev.js:35:16871
    at aw (/app/applet/node_modules/next/dist/compiled/next-server/app-page.runtime.dev.js:35:16908)
    at a_ (/app/applet/node_modules/next/dist/compiled/next-server/app-page.runtime.dev.js:35:49776) {
  digest: '789080945'
}
TypeError: Cannot read properties of null (reading 'useContext')
    at t.useContext (/app/applet/node_modules/next/dist/compiled/next-server/app-page.runtime.prod.js:12:109421)
    at d (/app/applet/.next/server/chunks/6204.js:1:23125)
    at h (/app/applet/.next/server/chunks/6204.js:1:15027)
    at au (/app/applet/node_modules/next/dist/compiled/next-server/app-page.runtime.dev.js:35:10446)
    at /app/applet/node_modules/next/dist/compiled/next-server/app-page.runtime.dev.js:35:15122
    at aw (/app/applet/node_modules/next/dist/compiled/next-server/app-page.runtime.dev.js:35:16908)
    at a_ (/app/applet/node_modules/next/dist/compiled/next-server/app-page.runtime.dev.js:35:49776)
    at ab (/app/applet/node_modules/next/dist/compiled/next-server/app-page.runtime.dev.js:35:11808)
    at /app/applet/node_modules/next/dist/compiled/next-server/app-page.runtime.dev.js:35:16871
    at aw (/app/applet/node_modules/next/dist/compiled/next-server/app-page.runtime.dev.js:35:16908)
    at aw (/app/applet/node_modules/next/dist/compiled/next-server/app-page.runtime.dev.js:35:46505)
    at a_ (/app/applet/node_modules/next/dist/compiled/next-server/app-page.runtime.dev.js:35:49776)
    at ab (/app/applet/node_modules/next/dist/compiled/next-server/app-page.runtime.dev.js:35:11808)
    at /app/applet/node_modules/next/dist/compiled/next-server/app-page.runtime.dev.js:35:16871
    at aw (/app/applet/node_modules/next/dist/compiled/next-server/app-page.runtime.dev.js:35:16908)
    at a_ (/app/applet/node_modules/next/dist/compiled/next-server/app-page.runtime.dev.js:35:49776)

Error occurred prerendering page "/dashboard/report-format-suggestion". Read more: https://nextjs.org/docs/messages/prerender-error

TypeError: Cannot read properties of null (reading 'useContext')
    at t.useContext (/app/applet/node_modules/next/dist/compiled/next-server/app-page.runtime.prod.js:12:109421)
    at d (/app/applet/.next/server/chunks/6204.js:1:23125)
    at h (/app/applet/.next/server/chunks/6204.js:1:15027)
    at au (/app/applet/node_modules/next/dist/compiled/next-server/app-page.runtime.dev.js:35:10446)
    at /app/applet/node_modules/next/dist/compiled/next-server/app-page.runtime.dev.js:35:15122
    at aw (/app/applet/node_modules/next/dist/compiled/next-server/app-page.runtime.dev.js:35:16908)
    at a_ (/app/applet/node_modules/next/dist/compiled/next-server/app-page.runtime.dev.js:35:49776)
    at ab (/app/applet/node_modules/next/dist/compiled/next-server/app-page.runtime.dev.js:35:11808)
    at /app/applet/node_modules/next/dist/compiled/next-server/app-page.runtime.dev.js:35:16871
    at aw (/app/applet/node_modules/next/dist/compiled/next-server/app-page.runtime.dev.js:35:16908)
    at aw (/app/applet/node_modules/next/dist/compiled/next-server/app-page.runtime.dev.js:35:46505)
    at a_ (/app/applet/node_modules/next/dist/compiled/next-server/app-page.runtime.dev.js:35:49776)
    at ab (/app/applet/node_modules/next/dist/compiled/next-server/app-page.runtime.dev.js:35:11808)
    at /app/applet/node_modules/next/dist/compiled/next-server/app-page.runtime.dev.js:35:16871
    at aw (/app/applet/node_modules/next/dist/compiled/next-server/app-page.runtime.dev.js:35:16908)
    at a_ (/app/applet/node_modules/next/dist/compiled/next-server/app-page.runtime.dev.js:35:49776)
TypeError: Cannot read properties of null (reading 'useContext')
    at t.useContext (/app/applet/node_modules/next/dist/compiled/next-server/app-page.runtime.prod.js:12:109421)
    at d (/app/applet/.next/server/chunks/6204.js:1:23125)
    at h (/app/applet/.next/server/chunks/6204.js:1:15027)
    at au (/app/applet/node_modules/next/dist/compiled/next-server/app-page.runtime.dev.js:35:10446)
    at /app/applet/node_modules/next/dist/compiled/next-server/app-page.runtime.dev.js:35:15122
    at aw (/app/applet/node_modules/next/dist/compiled/next-server/app-page.runtime.dev.js:35:16908)
    at a_ (/app/applet/node_modules/next/dist/compiled/next-server/app-page.runtime.dev.js:35:49776)
    at ab (/app/applet/node_modules/next/dist/compiled/next-server/app-page.runtime.dev.js:35:11808)
    at /app/applet/node_modules/next/dist/compiled/next-server/app-page.runtime.dev.js:35:16871
    at aw (/app/applet/node_modules/next/dist/compiled/next-server/app-page.runtime.dev.js:35:16908)
    at aw (/app/applet/node_modules/next/dist/compiled/next-server/app-page.runtime.dev.js:35:46505)
    at a_ (/app/applet/node_modules/next/dist/compiled/next-server/app-page.runtime.dev.js:35:49776)
    at ab (/app/applet/node_modules/next/dist/compiled/next-server/app-page.runtime.dev.js:35:11808)
    at /app/applet/node_modules/next/dist/compiled/next-server/app-page.runtime.dev.js:35:16871
    at aw (/app/applet/node_modules/next/dist/compiled/next-server/app-page.runtime.dev.js:35:16908)
    at a_ (/app/applet/node_modules/next/dist/compiled/next-server/app-page.runtime.dev.js:35:49776) {
  digest: '789080945'
}
TypeError: Cannot read properties of null (reading 'useContext')
    at t.useContext (/app/applet/node_modules/next/dist/compiled/next-server/app-page.runtime.prod.js:12:109421)
    at d (/app/applet/.next/server/chunks/6204.js:1:23125)
    at h (/app/applet/.next/server/chunks/6204.js:1:15027)
    at au (/app/applet/node_modules/next/dist/compiled/next-server/app-page.runtime.dev.js:35:10446)
    at /app/applet/node_modules/next/dist/compiled/next-server/app-page.runtime.dev.js:35:15122
    at aw (/app/applet/node_modules/next/dist/compiled/next-server/app-page.runtime.dev.js:35:16908)
    at a_ (/app/applet/node_modules/next/dist/compiled/next-server/app-page.runtime.dev.js:35:49776)
    at ab (/app/applet/node_modules/next/dist/compiled/next-server/app-page.runtime.dev.js:35:11808)
    at /app/applet/node_modules/next/dist/compiled/next-server/app-page.runtime.dev.js:35:16871
    at aw (/app/applet/node_modules/next/dist/compiled/next-server/app-page.runtime.dev.js:35:16908)
    at aw (/app/applet/node_modules/next/dist/compiled/next-server/app-page.runtime.dev.js:35:46505)
    at a_ (/app/applet/node_modules/next/dist/compiled/next-server/app-page.runtime.dev.js:35:49776)
    at ab (/app/applet/node_modules/next/dist/compiled/next-server/app-page.runtime.dev.js:35:11808)
    at /app/applet/node_modules/next/dist/compiled/next-server/app-page.runtime.dev.js:35:16871
    at aw (/app/applet/node_modules/next/dist/compiled/next-server/app-page.runtime.dev.js:35:16908)
    at a_ (/app/applet/node_modules/next/dist/compiled/next-server/app-page.runtime.dev.js:35:49776)

Error occurred prerendering page "/dashboard/reports". Read more: https://nextjs.org/docs/messages/prerender-error

TypeError: Cannot read properties of null (reading 'useContext')
    at t.useContext (/app/applet/node_modules/next/dist/compiled/next-server/app-page.runtime.prod.js:12:109421)
    at d (/app/applet/.next/server/chunks/6204.js:1:23125)
    at h (/app/applet/.next/server/chunks/6204.js:1:15027)
    at au (/app/applet/node_modules/next/dist/compiled/next-server/app-page.runtime.dev.js:35:10446)
    at /app/applet/node_modules/next/dist/compiled/next-server/app-page.runtime.dev.js:35:15122
    at aw (/app/applet/node_modules/next/dist/compiled/next-server/app-page.runtime.dev.js:35:16908)
    at a_ (/app/applet/node_modules/next/dist/compiled/next-server/app-page.runtime.dev.js:35:49776)
    at ab (/app/applet/node_modules/next/dist/compiled/next-server/app-page.runtime.dev.js:35:11808)
    at /app/applet/node_modules/next/dist/compiled/next-server/app-page.runtime.dev.js:35:16871
    at aw (/app/applet/node_modules/next/dist/compiled/next-server/app-page.runtime.dev.js:35:16908)
    at aw (/app/applet/node_modules/next/dist/compiled/next-server/app-page.runtime.dev.js:35:46505)
    at a_ (/app/applet/node_modules/next/dist/compiled/next-server/app-page.runtime.dev.js:35:49776)
    at ab (/app/applet/node_modules/next/dist/compiled/next-server/app-page.runtime.dev.js:35:11808)
    at /app/applet/node_modules/next/dist/compiled/next-server/app-page.runtime.dev.js:35:16871
    at aw (/app/applet/node_modules/next/dist/compiled/next-server/app-page.runtime.dev.js:35:16908)
    at a_ (/app/applet/node_modules/next/dist/compiled/next-server/app-page.runtime.dev.js:35:49776)
TypeError: Cannot read properties of null (reading 'useContext')
    at t.useContext (/app/applet/node_modules/next/dist/compiled/next-server/app-page.runtime.prod.js:12:109421)
    at d (/app/applet/.next/server/chunks/6204.js:1:23125)
    at h (/app/applet/.next/server/chunks/6204.js:1:15027)
    at au (/app/applet/node_modules/next/dist/compiled/next-server/app-page.runtime.dev.js:35:10446)
    at /app/applet/node_modules/next/dist/compiled/next-server/app-page.runtime.dev.js:35:15122
    at aw (/app/applet/node_modules/next/dist/compiled/next-server/app-page.runtime.dev.js:35:16908)
    at a_ (/app/applet/node_modules/next/dist/compiled/next-server/app-page.runtime.dev.js:35:49776)
    at ab (/app/applet/node_modules/next/dist/compiled/next-server/app-page.runtime.dev.js:35:11808)
    at /app/applet/node_modules/next/dist/compiled/next-server/app-page.runtime.dev.js:35:16871
    at aw (/app/applet/node_modules/next/dist/compiled/next-server/app-page.runtime.dev.js:35:16908)
    at aw (/app/applet/node_modules/next/dist/compiled/next-server/app-page.runtime.dev.js:35:46505)
    at a_ (/app/applet/node_modules/next/dist/compiled/next-server/app-page.runtime.dev.js:35:49776)
    at ab (/app/applet/node_modules/next/dist/compiled/next-server/app-page.runtime.dev.js:35:11808)
    at /app/applet/node_modules/next/dist/compiled/next-server/app-page.runtime.dev.js:35:16871
    at aw (/app/applet/node_modules/next/dist/compiled/next-server/app-page.runtime.dev.js:35:16908)
    at a_ (/app/applet/node_modules/next/dist/compiled/next-server/app-page.runtime.dev.js:35:49776) {
  digest: '789080945'
}
TypeError: Cannot read properties of null (reading 'useContext')
    at t.useContext (/app/applet/node_modules/next/dist/compiled/next-server/app-page.runtime.prod.js:12:109421)
    at d (/app/applet/.next/server/chunks/6204.js:1:23125)
    at h (/app/applet/.next/server/chunks/6204.js:1:15027)
    at au (/app/applet/node_modules/next/dist/compiled/next-server/app-page.runtime.dev.js:35:10446)
    at /app/applet/node_modules/next/dist/compiled/next-server/app-page.runtime.dev.js:35:15122
    at aw (/app/applet/node_modules/next/dist/compiled/next-server/app-page.runtime.dev.js:35:16908)
    at a_ (/app/applet/node_modules/next/dist/compiled/next-server/app-page.runtime.dev.js:35:49776)
    at ab (/app/applet/node_modules/next/dist/compiled/next-server/app-page.runtime.dev.js:35:11808)
    at /app/applet/node_modules/next/dist/compiled/next-server/app-page.runtime.dev.js:35:16871
    at aw (/app/applet/node_modules/next/dist/compiled/next-server/app-page.runtime.dev.js:35:16908)
    at aw (/app/applet/node_modules/next/dist/compiled/next-server/app-page.runtime.dev.js:35:46505)
    at a_ (/app/applet/node_modules/next/dist/compiled/next-server/app-page.runtime.dev.js:35:49776)
    at ab (/app/applet/node_modules/next/dist/compiled/next-server/app-page.runtime.dev.js:35:11808)
    at /app/applet/node_modules/next/dist/compiled/next-server/app-page.runtime.dev.js:35:16871
    at aw (/app/applet/node_modules/next/dist/compiled/next-server/app-page.runtime.dev.js:35:16908)
    at a_ (/app/applet/node_modules/next/dist/compiled/next-server/app-page.runtime.dev.js:35:49776)

Error occurred prerendering page "/dashboard/super-admin/ars-plan". Read more: https://nextjs.org/docs/messages/prerender-error

TypeError: Cannot read properties of null (reading 'useContext')
    at t.useContext (/app/applet/node_modules/next/dist/compiled/next-server/app-page.runtime.prod.js:12:109421)
    at d (/app/applet/.next/server/chunks/6204.js:1:23125)
    at h (/app/applet/.next/server/chunks/6204.js:1:15027)
    at au (/app/applet/node_modules/next/dist/compiled/next-server/app-page.runtime.dev.js:35:10446)
    at /app/applet/node_modules/next/dist/compiled/next-server/app-page.runtime.dev.js:35:15122
    at aw (/app/applet/node_modules/next/dist/compiled/next-server/app-page.runtime.dev.js:35:16908)
    at a_ (/app/applet/node_modules/next/dist/compiled/next-server/app-page.runtime.dev.js:35:49776)
    at ab (/app/applet/node_modules/next/dist/compiled/next-server/app-page.runtime.dev.js:35:11808)
    at /app/applet/node_modules/next/dist/compiled/next-server/app-page.runtime.dev.js:35:16871
    at aw (/app/applet/node_modules/next/dist/compiled/next-server/app-page.runtime.dev.js:35:16908)
    at aw (/app/applet/node_modules/next/dist/compiled/next-server/app-page.runtime.dev.js:35:46505)
    at a_ (/app/applet/node_modules/next/dist/compiled/next-server/app-page.runtime.dev.js:35:49776)
    at ab (/app/applet/node_modules/next/dist/compiled/next-server/app-page.runtime.dev.js:35:11808)
    at /app/applet/node_modules/next/dist/compiled/next-server/app-page.runtime.dev.js:35:16871
    at aw (/app/applet/node_modules/next/dist/compiled/next-server/app-page.runtime.dev.js:35:16908)
    at a_ (/app/applet/node_modules/next/dist/compiled/next-server/app-page.runtime.dev.js:35:49776)
TypeError: Cannot read properties of null (reading 'useContext')
    at t.useContext (/app/applet/node_modules/next/dist/compiled/next-server/app-page.runtime.prod.js:12:109421)
    at d (/app/applet/.next/server/chunks/6204.js:1:23125)
    at h (/app/applet/.next/server/chunks/6204.js:1:15027)
    at au (/app/applet/node_modules/next/dist/compiled/next-server/app-page.runtime.dev.js:35:10446)
    at /app/applet/node_modules/next/dist/compiled/next-server/app-page.runtime.dev.js:35:15122
    at aw (/app/applet/node_modules/next/dist/compiled/next-server/app-page.runtime.dev.js:35:16908)
    at a_ (/app/applet/node_modules/next/dist/compiled/next-server/app-page.runtime.dev.js:35:49776)
    at ab (/app/applet/node_modules/next/dist/compiled/next-server/app-page.runtime.dev.js:35:11808)
    at /app/applet/node_modules/next/dist/compiled/next-server/app-page.runtime.dev.js:35:16871
    at aw (/app/applet/node_modules/next/dist/compiled/next-server/app-page.runtime.dev.js:35:16908)
    at aw (/app/applet/node_modules/next/dist/compiled/next-server/app-page.runtime.dev.js:35:46505)
    at a_ (/app/applet/node_modules/next/dist/compiled/next-server/app-page.runtime.dev.js:35:49776)
    at ab (/app/applet/node_modules/next/dist/compiled/next-server/app-page.runtime.dev.js:35:11808)
    at /app/applet/node_modules/next/dist/compiled/next-server/app-page.runtime.dev.js:35:16871
    at aw (/app/applet/node_modules/next/dist/compiled/next-server/app-page.runtime.dev.js:35:16908)
    at a_ (/app/applet/node_modules/next/dist/compiled/next-server/app-page.runtime.dev.js:35:49776) {
  digest: '789080945'
}
TypeError: Cannot read properties of null (reading 'useContext')
    at t.useContext (/app/applet/node_modules/next/dist/compiled/next-server/app-page.runtime.prod.js:12:109421)
    at d (/app/applet/.next/server/chunks/6204.js:1:23125)
    at h (/app/applet/.next/server/chunks/6204.js:1:15027)
    at au (/app/applet/node_modules/next/dist/compiled/next-server/app-page.runtime.dev.js:35:10446)
    at /app/applet/node_modules/next/dist/compiled/next-server/app-page.runtime.dev.js:35:15122
    at aw (/app/applet/node_modules/next/dist/compiled/next-server/app-page.runtime.dev.js:35:16908)
    at a_ (/app/applet/node_modules/next/dist/compiled/next-server/app-page.runtime.dev.js:35:49776)
    at ab (/app/applet/node_modules/next/dist/compiled/next-server/app-page.runtime.dev.js:35:11808)
    at /app/applet/node_modules/next/dist/compiled/next-server/app-page.runtime.dev.js:35:16871
    at aw (/app/applet/node_modules/next/dist/compiled/next-server/app-page.runtime.dev.js:35:16908)
    at aw (/app/applet/node_modules/next/dist/compiled/next-server/app-page.runtime.dev.js:35:46505)
    at a_ (/app/applet/node_modules/next/dist/compiled/next-server/app-page.runtime.dev.js:35:49776)
    at ab (/app/applet/node_modules/next/dist/compiled/next-server/app-page.runtime.dev.js:35:11808)
    at /app/applet/node_modules/next/dist/compiled/next-server/app-page.runtime.dev.js:35:16871
    at aw (/app/applet/node_modules/next/dist/compiled/next-server/app-page.runtime.dev.js:35:16908)
    at a_ (/app/applet/node_modules/next/dist/compiled/next-server/app-page.runtime.dev.js:35:49776)

Error occurred prerendering page "/dashboard/settings". Read more: https://nextjs.org/docs/messages/prerender-error

TypeError: Cannot read properties of null (reading 'useContext')
    at t.useContext (/app/applet/node_modules/next/dist/compiled/next-server/app-page.runtime.prod.js:12:109421)
    at d (/app/applet/.next/server/chunks/6204.js:1:23125)
    at h (/app/applet/.next/server/chunks/6204.js:1:15027)
    at au (/app/applet/node_modules/next/dist/compiled/next-server/app-page.runtime.dev.js:35:10446)
    at /app/applet/node_modules/next/dist/compiled/next-server/app-page.runtime.dev.js:35:15122
    at aw (/app/applet/node_modules/next/dist/compiled/next-server/app-page.runtime.dev.js:35:16908)
    at a_ (/app/applet/node_modules/next/dist/compiled/next-server/app-page.runtime.dev.js:35:49776)
    at ab (/app/applet/node_modules/next/dist/compiled/next-server/app-page.runtime.dev.js:35:11808)
    at /app/applet/node_modules/next/dist/compiled/next-server/app-page.runtime.dev.js:35:16871
    at aw (/app/applet/node_modules/next/dist/compiled/next-server/app-page.runtime.dev.js:35:16908)
    at aw (/app/applet/node_modules/next/dist/compiled/next-server/app-page.runtime.dev.js:35:46505)
    at a_ (/app/applet/node_modules/next/dist/compiled/next-server/app-page.runtime.dev.js:35:49776)
    at ab (/app/applet/node_modules/next/dist/compiled/next-server/app-page.runtime.dev.js:35:11808)
    at /app/applet/node_modules/next/dist/compiled/next-server/app-page.runtime.dev.js:35:16871
    at aw (/app/applet/node_modules/next/dist/compiled/next-server/app-page.runtime.dev.js:35:16908)
    at a_ (/app/applet/node_modules/next/dist/compiled/next-server/app-page.runtime.dev.js:35:49776)
TypeError: Cannot read properties of null (reading 'useContext')
    at t.useContext (/app/applet/node_modules/next/dist/compiled/next-server/app-page.runtime.prod.js:12:109421)
    at d (/app/applet/.next/server/chunks/6204.js:1:23125)
    at h (/app/applet/.next/server/chunks/6204.js:1:15027)
    at au (/app/applet/node_modules/next/dist/compiled/next-server/app-page.runtime.dev.js:35:10446)
    at /app/applet/node_modules/next/dist/compiled/next-server/app-page.runtime.dev.js:35:15122
    at aw (/app/applet/node_modules/next/dist/compiled/next-server/app-page.runtime.dev.js:35:16908)
    at a_ (/app/applet/node_modules/next/dist/compiled/next-server/app-page.runtime.dev.js:35:49776)
    at ab (/app/applet/node_modules/next/dist/compiled/next-server/app-page.runtime.dev.js:35:11808)
    at /app/applet/node_modules/next/dist/compiled/next-server/app-page.runtime.dev.js:35:16871
    at aw (/app/applet/node_modules/next/dist/compiled/next-server/app-page.runtime.dev.js:35:16908)
    at aw (/app/applet/node_modules/next/dist/compiled/next-server/app-page.runtime.dev.js:35:46505)
    at a_ (/app/applet/node_modules/next/dist/compiled/next-server/app-page.runtime.dev.js:35:49776)
    at ab (/app/applet/node_modules/next/dist/compiled/next-server/app-page.runtime.dev.js:35:11808)
    at /app/applet/node_modules/next/dist/compiled/next-server/app-page.runtime.dev.js:35:16871
    at aw (/app/applet/node_modules/next/dist/compiled/next-server/app-page.runtime.dev.js:35:16908)
    at a_ (/app/applet/node_modules/next/dist/compiled/next-server/app-page.runtime.dev.js:35:49776) {
  digest: '789080945'
}
TypeError: Cannot read properties of null (reading 'useContext')
    at t.useContext (/app/applet/node_modules/next/dist/compiled/next-server/app-page.runtime.prod.js:12:109421)
    at d (/app/applet/.next/server/chunks/6204.js:1:23125)
    at h (/app/applet/.next/server/chunks/6204.js:1:15027)
    at au (/app/applet/node_modules/next/dist/compiled/next-server/app-page.runtime.dev.js:35:10446)
    at /app/applet/node_modules/next/dist/compiled/next-server/app-page.runtime.dev.js:35:15122
    at aw (/app/applet/node_modules/next/dist/compiled/next-server/app-page.runtime.dev.js:35:16908)
    at a_ (/app/applet/node_modules/next/dist/compiled/next-server/app-page.runtime.dev.js:35:49776)
    at ab (/app/applet/node_modules/next/dist/compiled/next-server/app-page.runtime.dev.js:35:11808)
    at /app/applet/node_modules/next/dist/compiled/next-server/app-page.runtime.dev.js:35:16871
    at aw (/app/applet/node_modules/next/dist/compiled/next-server/app-page.runtime.dev.js:35:16908)
    at aw (/app/applet/node_modules/next/dist/compiled/next-server/app-page.runtime.dev.js:35:46505)
    at a_ (/app/applet/node_modules/next/dist/compiled/next-server/app-page.runtime.dev.js:35:49776)
    at ab (/app/applet/node_modules/next/dist/compiled/next-server/app-page.runtime.dev.js:35:11808)
    at /app/applet/node_modules/next/dist/compiled/next-server/app-page.runtime.dev.js:35:16871
    at aw (/app/applet/node_modules/next/dist/compiled/next-server/app-page.runtime.dev.js:35:16908)
    at a_ (/app/applet/node_modules/next/dist/compiled/next-server/app-page.runtime.dev.js:35:49776)

Error occurred prerendering page "/dashboard/super-admin/establishment". Read more: https://nextjs.org/docs/messages/prerender-error

TypeError: Cannot read properties of null (reading 'useContext')
    at t.useContext (/app/applet/node_modules/next/dist/compiled/next-server/app-page.runtime.prod.js:12:109421)
    at d (/app/applet/.next/server/chunks/6204.js:1:23125)
    at h (/app/applet/.next/server/chunks/6204.js:1:15027)
    at au (/app/applet/node_modules/next/dist/compiled/next-server/app-page.runtime.dev.js:35:10446)
    at /app/applet/node_modules/next/dist/compiled/next-server/app-page.runtime.dev.js:35:15122
    at aw (/app/applet/node_modules/next/dist/compiled/next-server/app-page.runtime.dev.js:35:16908)
    at a_ (/app/applet/node_modules/next/dist/compiled/next-server/app-page.runtime.dev.js:35:49776)
    at ab (/app/applet/node_modules/next/dist/compiled/next-server/app-page.runtime.dev.js:35:11808)
    at /app/applet/node_modules/next/dist/compiled/next-server/app-page.runtime.dev.js:35:16871
    at aw (/app/applet/node_modules/next/dist/compiled/next-server/app-page.runtime.dev.js:35:16908)
    at aw (/app/applet/node_modules/next/dist/compiled/next-server/app-page.runtime.dev.js:35:46505)
    at a_ (/app/applet/node_modules/next/dist/compiled/next-server/app-page.runtime.dev.js:35:49776)
    at ab (/app/applet/node_modules/next/dist/compiled/next-server/app-page.runtime.dev.js:35:11808)
    at /app/applet/node_modules/next/dist/compiled/next-server/app-page.runtime.dev.js:35:16871
    at aw (/app/applet/node_modules/next/dist/compiled/next-server/app-page.runtime.dev.js:35:16908)
    at a_ (/app/applet/node_modules/next/dist/compiled/next-server/app-page.runtime.dev.js:35:49776)
TypeError: Cannot read properties of null (reading 'useContext')
    at t.useContext (/app/applet/node_modules/next/dist/compiled/next-server/app-page.runtime.prod.js:12:109421)
    at d (/app/applet/.next/server/chunks/6204.js:1:23125)
    at h (/app/applet/.next/server/chunks/6204.js:1:15027)
    at au (/app/applet/node_modules/next/dist/compiled/next-server/app-page.runtime.dev.js:35:10446)
    at /app/applet/node_modules/next/dist/compiled/next-server/app-page.runtime.dev.js:35:15122
    at aw (/app/applet/node_modules/next/dist/compiled/next-server/app-page.runtime.dev.js:35:16908)
    at a_ (/app/applet/node_modules/next/dist/compiled/next-server/app-page.runtime.dev.js:35:49776)
    at ab (/app/applet/node_modules/next/dist/compiled/next-server/app-page.runtime.dev.js:35:11808)
    at /app/applet/node_modules/next/dist/compiled/next-server/app-page.runtime.dev.js:35:16871
    at aw (/app/applet/node_modules/next/dist/compiled/next-server/app-page.runtime.dev.js:35:16908)
    at aw (/app/applet/node_modules/next/dist/compiled/next-server/app-page.runtime.dev.js:35:46505)
    at a_ (/app/applet/node_modules/next/dist/compiled/next-server/app-page.runtime.dev.js:35:49776)
    at ab (/app/applet/node_modules/next/dist/compiled/next-server/app-page.runtime.dev.js:35:11808)
    at /app/applet/node_modules/next/dist/compiled/next-server/app-page.runtime.dev.js:35:16871
    at aw (/app/applet/node_modules/next/dist/compiled/next-server/app-page.runtime.dev.js:35:16908)
    at a_ (/app/applet/node_modules/next/dist/compiled/next-server/app-page.runtime.dev.js:35:49776) {
  digest: '789080945'
}
TypeError: Cannot read properties of null (reading 'useContext')
    at t.useContext (/app/applet/node_modules/next/dist/compiled/next-server/app-page.runtime.prod.js:12:109421)
    at d (/app/applet/.next/server/chunks/6204.js:1:23125)
    at h (/app/applet/.next/server/chunks/6204.js:1:15027)
    at au (/app/applet/node_modules/next/dist/compiled/next-server/app-page.runtime.dev.js:35:10446)
    at /app/applet/node_modules/next/dist/compiled/next-server/app-page.runtime.dev.js:35:15122
    at aw (/app/applet/node_modules/next/dist/compiled/next-server/app-page.runtime.dev.js:35:16908)
    at a_ (/app/applet/node_modules/next/dist/compiled/next-server/app-page.runtime.dev.js:35:49776)
    at ab (/app/applet/node_modules/next/dist/compiled/next-server/app-page.runtime.dev.js:35:11808)
    at /app/applet/node_modules/next/dist/compiled/next-server/app-page.runtime.dev.js:35:16871
    at aw (/app/applet/node_modules/next/dist/compiled/next-server/app-page.runtime.dev.js:35:16908)
    at aw (/app/applet/node_modules/next/dist/compiled/next-server/app-page.runtime.dev.js:35:46505)
    at a_ (/app/applet/node_modules/next/dist/compiled/next-server/app-page.runtime.dev.js:35:49776)
    at ab (/app/applet/node_modules/next/dist/compiled/next-server/app-page.runtime.dev.js:35:11808)
    at /app/applet/node_modules/next/dist/compiled/next-server/app-page.runtime.dev.js:35:16871
    at aw (/app/applet/node_modules/next/dist/compiled/next-server/app-page.runtime.dev.js:35:16908)
    at a_ (/app/applet/node_modules/next/dist/compiled/next-server/app-page.runtime.dev.js:35:49776)

Error occurred prerendering page "/dashboard/super-admin/office-management". Read more: https://nextjs.org/docs/messages/prerender-error

TypeError: Cannot read properties of null (reading 'useContext')
    at t.useContext (/app/applet/node_modules/next/dist/compiled/next-server/app-page.runtime.prod.js:12:109421)
    at d (/app/applet/.next/server/chunks/6204.js:1:23125)
    at h (/app/applet/.next/server/chunks/6204.js:1:15027)
    at au (/app/applet/node_modules/next/dist/compiled/next-server/app-page.runtime.dev.js:35:10446)
    at /app/applet/node_modules/next/dist/compiled/next-server/app-page.runtime.dev.js:35:15122
    at aw (/app/applet/node_modules/next/dist/compiled/next-server/app-page.runtime.dev.js:35:16908)
    at a_ (/app/applet/node_modules/next/dist/compiled/next-server/app-page.runtime.dev.js:35:49776)
    at ab (/app/applet/node_modules/next/dist/compiled/next-server/app-page.runtime.dev.js:35:11808)
    at /app/applet/node_modules/next/dist/compiled/next-server/app-page.runtime.dev.js:35:16871
    at aw (/app/applet/node_modules/next/dist/compiled/next-server/app-page.runtime.dev.js:35:16908)
    at aw (/app/applet/node_modules/next/dist/compiled/next-server/app-page.runtime.dev.js:35:46505)
    at a_ (/app/applet/node_modules/next/dist/compiled/next-server/app-page.runtime.dev.js:35:49776)
    at ab (/app/applet/node_modules/next/dist/compiled/next-server/app-page.runtime.dev.js:35:11808)
    at /app/applet/node_modules/next/dist/compiled/next-server/app-page.runtime.dev.js:35:16871
    at aw (/app/applet/node_modules/next/dist/compiled/next-server/app-page.runtime.dev.js:35:16908)
    at a_ (/app/applet/node_modules/next/dist/compiled/next-server/app-page.runtime.dev.js:35:49776)
TypeError: Cannot read properties of null (reading 'useContext')
    at t.useContext (/app/applet/node_modules/next/dist/compiled/next-server/app-page.runtime.prod.js:12:109421)
    at d (/app/applet/.next/server/chunks/6204.js:1:23125)
    at h (/app/applet/.next/server/chunks/6204.js:1:15027)
    at au (/app/applet/node_modules/next/dist/compiled/next-server/app-page.runtime.dev.js:35:10446)
    at /app/applet/node_modules/next/dist/compiled/next-server/app-page.runtime.dev.js:35:15122
    at aw (/app/applet/node_modules/next/dist/compiled/next-server/app-page.runtime.dev.js:35:16908)
    at a_ (/app/applet/node_modules/next/dist/compiled/next-server/app-page.runtime.dev.js:35:49776)
    at ab (/app/applet/node_modules/next/dist/compiled/next-server/app-page.runtime.dev.js:35:11808)
    at /app/applet/node_modules/next/dist/compiled/next-server/app-page.runtime.dev.js:35:16871
    at aw (/app/applet/node_modules/next/dist/compiled/next-server/app-page.runtime.dev.js:35:16908)
    at aw (/app/applet/node_modules/next/dist/compiled/next-server/app-page.runtime.dev.js:35:46505)
    at a_ (/app/applet/node_modules/next/dist/compiled/next-server/app-page.runtime.dev.js:35:49776)
    at ab (/app/applet/node_modules/next/dist/compiled/next-server/app-page.runtime.dev.js:35:11808)
    at /app/applet/node_modules/next/dist/compiled/next-server/app-page.runtime.dev.js:35:16871
    at aw (/app/applet/node_modules/next/dist/compiled/next-server/app-page.runtime.dev.js:35:16908)
    at a_ (/app/applet/node_modules/next/dist/compiled/next-server/app-page.runtime.dev.js:35:49776) {
  digest: '789080945'
}
TypeError: Cannot read properties of null (reading 'useContext')
    at t.useContext (/app/applet/node_modules/next/dist/compiled/next-server/app-page.runtime.prod.js:12:109421)
    at d (/app/applet/.next/server/chunks/6204.js:1:23125)
    at h (/app/applet/.next/server/chunks/6204.js:1:15027)
    at au (/app/applet/node_modules/next/dist/compiled/next-server/app-page.runtime.dev.js:35:10446)
    at /app/applet/node_modules/next/dist/compiled/next-server/app-page.runtime.dev.js:35:15122
    at aw (/app/applet/node_modules/next/dist/compiled/next-server/app-page.runtime.dev.js:35:16908)
    at a_ (/app/applet/node_modules/next/dist/compiled/next-server/app-page.runtime.dev.js:35:49776)
    at ab (/app/applet/node_modules/next/dist/compiled/next-server/app-page.runtime.dev.js:35:11808)
    at /app/applet/node_modules/next/dist/compiled/next-server/app-page.runtime.dev.js:35:16871
    at aw (/app/applet/node_modules/next/dist/compiled/next-server/app-page.runtime.dev.js:35:16908)
    at aw (/app/applet/node_modules/next/dist/compiled/next-server/app-page.runtime.dev.js:35:46505)
    at a_ (/app/applet/node_modules/next/dist/compiled/next-server/app-page.runtime.dev.js:35:49776)
    at ab (/app/applet/node_modules/next/dist/compiled/next-server/app-page.runtime.dev.js:35:11808)
    at /app/applet/node_modules/next/dist/compiled/next-server/app-page.runtime.dev.js:35:16871
    at aw (/app/applet/node_modules/next/dist/compiled/next-server/app-page.runtime.dev.js:35:16908)
    at a_ (/app/applet/node_modules/next/dist/compiled/next-server/app-page.runtime.dev.js:35:49776)

Error occurred prerendering page "/dashboard/progress-report". Read more: https://nextjs.org/docs/messages/prerender-error

TypeError: Cannot read properties of null (reading 'useContext')
    at t.useContext (/app/applet/node_modules/next/dist/compiled/next-server/app-page.runtime.prod.js:12:109421)
    at d (/app/applet/.next/server/chunks/6204.js:1:23125)
    at h (/app/applet/.next/server/chunks/6204.js:1:15027)
    at au (/app/applet/node_modules/next/dist/compiled/next-server/app-page.runtime.dev.js:35:10446)
    at /app/applet/node_modules/next/dist/compiled/next-server/app-page.runtime.dev.js:35:15122
    at aw (/app/applet/node_modules/next/dist/compiled/next-server/app-page.runtime.dev.js:35:16908)
    at a_ (/app/applet/node_modules/next/dist/compiled/next-server/app-page.runtime.dev.js:35:49776)
    at ab (/app/applet/node_modules/next/dist/compiled/next-server/app-page.runtime.dev.js:35:11808)
    at /app/applet/node_modules/next/dist/compiled/next-server/app-page.runtime.dev.js:35:16871
    at aw (/app/applet/node_modules/next/dist/compiled/next-server/app-page.runtime.dev.js:35:16908)
    at aw (/app/applet/node_modules/next/dist/compiled/next-server/app-page.runtime.dev.js:35:46505)
    at a_ (/app/applet/node_modules/next/dist/compiled/next-server/app-page.runtime.dev.js:35:49776)
    at ab (/app/applet/node_modules/next/dist/compiled/next-server/app-page.runtime.dev.js:35:11808)
    at /app/applet/node_modules/next/dist/compiled/next-server/app-page.runtime.dev.js:35:16871
    at aw (/app/applet/node_modules/next/dist/compiled/next-server/app-page.runtime.dev.js:35:16908)
    at a_ (/app/applet/node_modules/next/dist/compiled/next-server/app-page.runtime.dev.js:35:49776)
TypeError: Cannot read properties of null (reading 'useContext')
    at t.useContext (/app/applet/node_modules/next/dist/compiled/next-server/app-page.runtime.prod.js:12:109421)
    at d (/app/applet/.next/server/chunks/6204.js:1:23125)
    at h (/app/applet/.next/server/chunks/6204.js:1:15027)
    at au (/app/applet/node_modules/next/dist/compiled/next-server/app-page.runtime.dev.js:35:10446)
    at /app/applet/node_modules/next/dist/compiled/next-server/app-page.runtime.dev.js:35:15122
    at aw (/app/applet/node_modules/next/dist/compiled/next-server/app-page.runtime.dev.js:35:16908)
    at a_ (/app/applet/node_modules/next/dist/compiled/next-server/app-page.runtime.dev.js:35:49776)
    at ab (/app/applet/node_modules/next/dist/compiled/next-server/app-page.runtime.dev.js:35:11808)
    at /app/applet/node_modules/next/dist/compiled/next-server/app-page.runtime.dev.js:35:16871
    at aw (/app/applet/node_modules/next/dist/compiled/next-server/app-page.runtime.dev.js:35:16908)
    at aw (/app/applet/node_modules/next/dist/compiled/next-server/app-page.runtime.dev.js:35:46505)
    at a_ (/app/applet/node_modules/next/dist/compiled/next-server/app-page.runtime.dev.js:35:49776)
    at ab (/app/applet/node_modules/next/dist/compiled/next-server/app-page.runtime.dev.js:35:11808)
    at /app/applet/node_modules/next/dist/compiled/next-server/app-page.runtime.dev.js:35:16871
    at aw (/app/applet/node_modules/next/dist/compiled/next-server/app-page.runtime.dev.js:35:16908)
    at a_ (/app/applet/node_modules/next/dist/compiled/next-server/app-page.runtime.dev.js:35:49776) {
  digest: '789080945'
}
TypeError: Cannot read properties of null (reading 'useContext')
    at t.useContext (/app/applet/node_modules/next/dist/compiled/next-server/app-page.runtime.prod.js:12:109421)
    at d (/app/applet/.next/server/chunks/6204.js:1:23125)
    at h (/app/applet/.next/server/chunks/6204.js:1:15027)
    at au (/app/applet/node_modules/next/dist/compiled/next-server/app-page.runtime.dev.js:35:10446)
    at /app/applet/node_modules/next/dist/compiled/next-server/app-page.runtime.dev.js:35:15122
    at aw (/app/applet/node_modules/next/dist/compiled/next-server/app-page.runtime.dev.js:35:16908)
    at a_ (/app/applet/node_modules/next/dist/compiled/next-server/app-page.runtime.dev.js:35:49776)
    at ab (/app/applet/node_modules/next/dist/compiled/next-server/app-page.runtime.dev.js:35:11808)
    at /app/applet/node_modules/next/dist/compiled/next-server/app-page.runtime.dev.js:35:16871
    at aw (/app/applet/node_modules/next/dist/compiled/next-server/app-page.runtime.dev.js:35:16908)
    at aw (/app/applet/node_modules/next/dist/compiled/next-server/app-page.runtime.dev.js:35:46505)
    at a_ (/app/applet/node_modules/next/dist/compiled/next-server/app-page.runtime.dev.js:35:49776)
    at ab (/app/applet/node_modules/next/dist/compiled/next-server/app-page.runtime.dev.js:35:11808)
    at /app/applet/node_modules/next/dist/compiled/next-server/app-page.runtime.dev.js:35:16871
    at aw (/app/applet/node_modules/next/dist/compiled/next-server/app-page.runtime.dev.js:35:16908)
    at a_ (/app/applet/node_modules/next/dist/compiled/next-server/app-page.runtime.dev.js:35:49776)

Error occurred prerendering page "/dashboard/super-admin/plan-fund-works". Read more: https://nextjs.org/docs/messages/prerender-error

TypeError: Cannot read properties of null (reading 'useContext')
    at t.useContext (/app/applet/node_modules/next/dist/compiled/next-server/app-page.runtime.prod.js:12:109421)
    at d (/app/applet/.next/server/chunks/6204.js:1:23125)
    at h (/app/applet/.next/server/chunks/6204.js:1:15027)
    at au (/app/applet/node_modules/next/dist/compiled/next-server/app-page.runtime.dev.js:35:10446)
    at /app/applet/node_modules/next/dist/compiled/next-server/app-page.runtime.dev.js:35:15122
    at aw (/app/applet/node_modules/next/dist/compiled/next-server/app-page.runtime.dev.js:35:16908)
    at a_ (/app/applet/node_modules/next/dist/compiled/next-server/app-page.runtime.dev.js:35:49776)
    at ab (/app/applet/node_modules/next/dist/compiled/next-server/app-page.runtime.dev.js:35:11808)
    at /app/applet/node_modules/next/dist/compiled/next-server/app-page.runtime.dev.js:35:16871
    at aw (/app/applet/node_modules/next/dist/compiled/next-server/app-page.runtime.dev.js:35:16908)
    at aw (/app/applet/node_modules/next/dist/compiled/next-server/app-page.runtime.dev.js:35:46505)
    at a_ (/app/applet/node_modules/next/dist/compiled/next-server/app-page.runtime.dev.js:35:49776)
    at ab (/app/applet/node_modules/next/dist/compiled/next-server/app-page.runtime.dev.js:35:11808)
    at /app/applet/node_modules/next/dist/compiled/next-server/app-page.runtime.dev.js:35:16871
    at aw (/app/applet/node_modules/next/dist/compiled/next-server/app-page.runtime.dev.js:35:16908)
    at a_ (/app/applet/node_modules/next/dist/compiled/next-server/app-page.runtime.dev.js:35:49776)
TypeError: Cannot read properties of null (reading 'useContext')
    at t.useContext (/app/applet/node_modules/next/dist/compiled/next-server/app-page.runtime.prod.js:12:109421)
    at d (/app/applet/.next/server/chunks/6204.js:1:23125)
    at h (/app/applet/.next/server/chunks/6204.js:1:15027)
    at au (/app/applet/node_modules/next/dist/compiled/next-server/app-page.runtime.dev.js:35:10446)
    at /app/applet/node_modules/next/dist/compiled/next-server/app-page.runtime.dev.js:35:15122
    at aw (/app/applet/node_modules/next/dist/compiled/next-server/app-page.runtime.dev.js:35:16908)
    at a_ (/app/applet/node_modules/next/dist/compiled/next-server/app-page.runtime.dev.js:35:49776)
    at ab (/app/applet/node_modules/next/dist/compiled/next-server/app-page.runtime.dev.js:35:11808)
    at /app/applet/node_modules/next/dist/compiled/next-server/app-page.runtime.dev.js:35:16871
    at aw (/app/applet/node_modules/next/dist/compiled/next-server/app-page.runtime.dev.js:35:16908)
    at aw (/app/applet/node_modules/next/dist/compiled/next-server/app-page.runtime.dev.js:35:46505)
    at a_ (/app/applet/node_modules/next/dist/compiled/next-server/app-page.runtime.dev.js:35:49776)
    at ab (/app/applet/node_modules/next/dist/compiled/next-server/app-page.runtime.dev.js:35:11808)
    at /app/applet/node_modules/next/dist/compiled/next-server/app-page.runtime.dev.js:35:16871
    at aw (/app/applet/node_modules/next/dist/compiled/next-server/app-page.runtime.dev.js:35:16908)
    at a_ (/app/applet/node_modules/next/dist/compiled/next-server/app-page.runtime.dev.js:35:49776) {
  digest: '789080945'
}
TypeError: Cannot read properties of null (reading 'useContext')
    at t.useContext (/app/applet/node_modules/next/dist/compiled/next-server/app-page.runtime.prod.js:12:109421)
    at d (/app/applet/.next/server/chunks/6204.js:1:23125)
    at h (/app/applet/.next/server/chunks/6204.js:1:15027)
    at au (/app/applet/node_modules/next/dist/compiled/next-server/app-page.runtime.dev.js:35:10446)
    at /app/applet/node_modules/next/dist/compiled/next-server/app-page.runtime.dev.js:35:15122
    at aw (/app/applet/node_modules/next/dist/compiled/next-server/app-page.runtime.dev.js:35:16908)
    at a_ (/app/applet/node_modules/next/dist/compiled/next-server/app-page.runtime.dev.js:35:49776)
    at ab (/app/applet/node_modules/next/dist/compiled/next-server/app-page.runtime.dev.js:35:11808)
    at /app/applet/node_modules/next/dist/compiled/next-server/app-page.runtime.dev.js:35:16871
    at aw (/app/applet/node_modules/next/dist/compiled/next-server/app-page.runtime.dev.js:35:16908)
    at aw (/app/applet/node_modules/next/dist/compiled/next-server/app-page.runtime.dev.js:35:46505)
    at a_ (/app/applet/node_modules/next/dist/compiled/next-server/app-page.runtime.dev.js:35:49776)
    at ab (/app/applet/node_modules/next/dist/compiled/next-server/app-page.runtime.dev.js:35:11808)
    at /app/applet/node_modules/next/dist/compiled/next-server/app-page.runtime.dev.js:35:16871
    at aw (/app/applet/node_modules/next/dist/compiled/next-server/app-page.runtime.dev.js:35:16908)
    at a_ (/app/applet/node_modules/next/dist/compiled/next-server/app-page.runtime.dev.js:35:49776)

Error occurred prerendering page "/dashboard/super-admin/gwd-rates". Read more: https://nextjs.org/docs/messages/prerender-error

TypeError: Cannot read properties of null (reading 'useContext')
    at t.useContext (/app/applet/node_modules/next/dist/compiled/next-server/app-page.runtime.prod.js:12:109421)
    at d (/app/applet/.next/server/chunks/6204.js:1:23125)
    at h (/app/applet/.next/server/chunks/6204.js:1:15027)
    at au (/app/applet/node_modules/next/dist/compiled/next-server/app-page.runtime.dev.js:35:10446)
    at /app/applet/node_modules/next/dist/compiled/next-server/app-page.runtime.dev.js:35:15122
    at aw (/app/applet/node_modules/next/dist/compiled/next-server/app-page.runtime.dev.js:35:16908)
    at a_ (/app/applet/node_modules/next/dist/compiled/next-server/app-page.runtime.dev.js:35:49776)
    at ab (/app/applet/node_modules/next/dist/compiled/next-server/app-page.runtime.dev.js:35:11808)
    at /app/applet/node_modules/next/dist/compiled/next-server/app-page.runtime.dev.js:35:16871
    at aw (/app/applet/node_modules/next/dist/compiled/next-server/app-page.runtime.dev.js:35:16908)
    at aw (/app/applet/node_modules/next/dist/compiled/next-server/app-page.runtime.dev.js:35:46505)
    at a_ (/app/applet/node_modules/next/dist/compiled/next-server/app-page.runtime.dev.js:35:49776)
    at ab (/app/applet/node_modules/next/dist/compiled/next-server/app-page.runtime.dev.js:35:11808)
    at /app/applet/node_modules/next/dist/compiled/next-server/app-page.runtime.dev.js:35:16871
    at aw (/app/applet/node_modules/next/dist/compiled/next-server/app-page.runtime.dev.js:35:16908)
    at a_ (/app/applet/node_modules/next/dist/compiled/next-server/app-page.runtime.dev.js:35:49776)
TypeError: Cannot read properties of null (reading 'useContext')
    at t.useContext (/app/applet/node_modules/next/dist/compiled/next-server/app-page.runtime.prod.js:12:109421)
    at d (/app/applet/.next/server/chunks/6204.js:1:23125)
    at h (/app/applet/.next/server/chunks/6204.js:1:15027)
    at au (/app/applet/node_modules/next/dist/compiled/next-server/app-page.runtime.dev.js:35:10446)
    at /app/applet/node_modules/next/dist/compiled/next-server/app-page.runtime.dev.js:35:15122
    at aw (/app/applet/node_modules/next/dist/compiled/next-server/app-page.runtime.dev.js:35:16908)
    at a_ (/app/applet/node_modules/next/dist/compiled/next-server/app-page.runtime.dev.js:35:49776)
    at ab (/app/applet/node_modules/next/dist/compiled/next-server/app-page.runtime.dev.js:35:11808)
    at /app/applet/node_modules/next/dist/compiled/next-server/app-page.runtime.dev.js:35:16871
    at aw (/app/applet/node_modules/next/dist/compiled/next-server/app-page.runtime.dev.js:35:16908)
    at aw (/app/applet/node_modules/next/dist/compiled/next-server/app-page.runtime.dev.js:35:46505)
    at a_ (/app/applet/node_modules/next/dist/compiled/next-server/app-page.runtime.dev.js:35:49776)
    at ab (/app/applet/node_modules/next/dist/compiled/next-server/app-page.runtime.dev.js:35:11808)
    at /app/applet/node_modules/next/dist/compiled/next-server/app-page.runtime.dev.js:35:16871
    at aw (/app/applet/node_modules/next/dist/compiled/next-server/app-page.runtime.dev.js:35:16908)
    at a_ (/app/applet/node_modules/next/dist/compiled/next-server/app-page.runtime.dev.js:35:49776) {
  digest: '789080945'
}
TypeError: Cannot read properties of null (reading 'useContext')
    at t.useContext (/app/applet/node_modules/next/dist/compiled/next-server/app-page.runtime.prod.js:12:109421)
    at d (/app/applet/.next/server/chunks/6204.js:1:23125)
    at h (/app/applet/.next/server/chunks/6204.js:1:15027)
    at au (/app/applet/node_modules/next/dist/compiled/next-server/app-page.runtime.dev.js:35:10446)
    at /app/applet/node_modules/next/dist/compiled/next-server/app-page.runtime.dev.js:35:15122
    at aw (/app/applet/node_modules/next/dist/compiled/next-server/app-page.runtime.dev.js:35:16908)
    at a_ (/app/applet/node_modules/next/dist/compiled/next-server/app-page.runtime.dev.js:35:49776)
    at ab (/app/applet/node_modules/next/dist/compiled/next-server/app-page.runtime.dev.js:35:11808)
    at /app/applet/node_modules/next/dist/compiled/next-server/app-page.runtime.dev.js:35:16871
    at aw (/app/applet/node_modules/next/dist/compiled/next-server/app-page.runtime.dev.js:35:16908)
    at aw (/app/applet/node_modules/next/dist/compiled/next-server/app-page.runtime.dev.js:35:46505)
    at a_ (/app/applet/node_modules/next/dist/compiled/next-server/app-page.runtime.dev.js:35:49776)
    at ab (/app/applet/node_modules/next/dist/compiled/next-server/app-page.runtime.dev.js:35:11808)
    at /app/applet/node_modules/next/dist/compiled/next-server/app-page.runtime.dev.js:35:16871
    at aw (/app/applet/node_modules/next/dist/compiled/next-server/app-page.runtime.dev.js:35:16908)
    at a_ (/app/applet/node_modules/next/dist/compiled/next-server/app-page.runtime.dev.js:35:49776)

Error occurred prerendering page "/dashboard/super-admin/profile". Read more: https://nextjs.org/docs/messages/prerender-error

TypeError: Cannot read properties of null (reading 'useContext')
    at t.useContext (/app/applet/node_modules/next/dist/compiled/next-server/app-page.runtime.prod.js:12:109421)
    at d (/app/applet/.next/server/chunks/6204.js:1:23125)
    at h (/app/applet/.next/server/chunks/6204.js:1:15027)
    at au (/app/applet/node_modules/next/dist/compiled/next-server/app-page.runtime.dev.js:35:10446)
    at /app/applet/node_modules/next/dist/compiled/next-server/app-page.runtime.dev.js:35:15122
    at aw (/app/applet/node_modules/next/dist/compiled/next-server/app-page.runtime.dev.js:35:16908)
    at a_ (/app/applet/node_modules/next/dist/compiled/next-server/app-page.runtime.dev.js:35:49776)
    at ab (/app/applet/node_modules/next/dist/compiled/next-server/app-page.runtime.dev.js:35:11808)
    at /app/applet/node_modules/next/dist/compiled/next-server/app-page.runtime.dev.js:35:16871
    at aw (/app/applet/node_modules/next/dist/compiled/next-server/app-page.runtime.dev.js:35:16908)
    at aw (/app/applet/node_modules/next/dist/compiled/next-server/app-page.runtime.dev.js:35:46505)
    at a_ (/app/applet/node_modules/next/dist/compiled/next-server/app-page.runtime.dev.js:35:49776)
    at ab (/app/applet/node_modules/next/dist/compiled/next-server/app-page.runtime.dev.js:35:11808)
    at /app/applet/node_modules/next/dist/compiled/next-server/app-page.runtime.dev.js:35:16871
    at aw (/app/applet/node_modules/next/dist/compiled/next-server/app-page.runtime.dev.js:35:16908)
    at a_ (/app/applet/node_modules/next/dist/compiled/next-server/app-page.runtime.dev.js:35:49776)
TypeError: Cannot read properties of null (reading 'useContext')
    at t.useContext (/app/applet/node_modules/next/dist/compiled/next-server/app-page.runtime.prod.js:12:109421)
    at d (/app/applet/.next/server/chunks/6204.js:1:23125)
    at h (/app/applet/.next/server/chunks/6204.js:1:15027)
    at au (/app/applet/node_modules/next/dist/compiled/next-server/app-page.runtime.dev.js:35:10446)
    at /app/applet/node_modules/next/dist/compiled/next-server/app-page.runtime.dev.js:35:15122
    at aw (/app/applet/node_modules/next/dist/compiled/next-server/app-page.runtime.dev.js:35:16908)
    at a_ (/app/applet/node_modules/next/dist/compiled/next-server/app-page.runtime.dev.js:35:49776)
    at ab (/app/applet/node_modules/next/dist/compiled/next-server/app-page.runtime.dev.js:35:11808)
    at /app/applet/node_modules/next/dist/compiled/next-server/app-page.runtime.dev.js:35:16871
    at aw (/app/applet/node_modules/next/dist/compiled/next-server/app-page.runtime.dev.js:35:16908)
    at aw (/app/applet/node_modules/next/dist/compiled/next-server/app-page.runtime.dev.js:35:46505)
    at a_ (/app/applet/node_modules/next/dist/compiled/next-server/app-page.runtime.dev.js:35:49776)
    at ab (/app/applet/node_modules/next/dist/compiled/next-server/app-page.runtime.dev.js:35:11808)
    at /app/applet/node_modules/next/dist/compiled/next-server/app-page.runtime.dev.js:35:16871
    at aw (/app/applet/node_modules/next/dist/compiled/next-server/app-page.runtime.dev.js:35:16908)
    at a_ (/app/applet/node_modules/next/dist/compiled/next-server/app-page.runtime.dev.js:35:49776) {
  digest: '789080945'
}
TypeError: Cannot read properties of null (reading 'useContext')
    at t.useContext (/app/applet/node_modules/next/dist/compiled/next-server/app-page.runtime.prod.js:12:109421)
    at d (/app/applet/.next/server/chunks/6204.js:1:23125)
    at h (/app/applet/.next/server/chunks/6204.js:1:15027)
    at au (/app/applet/node_modules/next/dist/compiled/next-server/app-page.runtime.dev.js:35:10446)
    at /app/applet/node_modules/next/dist/compiled/next-server/app-page.runtime.dev.js:35:15122
    at aw (/app/applet/node_modules/next/dist/compiled/next-server/app-page.runtime.dev.js:35:16908)
    at a_ (/app/applet/node_modules/next/dist/compiled/next-server/app-page.runtime.dev.js:35:49776)
    at ab (/app/applet/node_modules/next/dist/compiled/next-server/app-page.runtime.dev.js:35:11808)
    at /app/applet/node_modules/next/dist/compiled/next-server/app-page.runtime.dev.js:35:16871
    at aw (/app/applet/node_modules/next/dist/compiled/next-server/app-page.runtime.dev.js:35:16908)
    at aw (/app/applet/node_modules/next/dist/compiled/next-server/app-page.runtime.dev.js:35:46505)
    at a_ (/app/applet/node_modules/next/dist/compiled/next-server/app-page.runtime.dev.js:35:49776)
    at ab (/app/applet/node_modules/next/dist/compiled/next-server/app-page.runtime.dev.js:35:11808)
    at /app/applet/node_modules/next/dist/compiled/next-server/app-page.runtime.dev.js:35:16871
    at aw (/app/applet/node_modules/next/dist/compiled/next-server/app-page.runtime.dev.js:35:16908)
    at a_ (/app/applet/node_modules/next/dist/compiled/next-server/app-page.runtime.dev.js:35:49776)

Error occurred prerendering page "/dashboard/super-admin". Read more: https://nextjs.org/docs/messages/prerender-error

TypeError: Cannot read properties of null (reading 'useContext')
    at t.useContext (/app/applet/node_modules/next/dist/compiled/next-server/app-page.runtime.prod.js:12:109421)
    at d (/app/applet/.next/server/chunks/6204.js:1:23125)
    at h (/app/applet/.next/server/chunks/6204.js:1:15027)
    at au (/app/applet/node_modules/next/dist/compiled/next-server/app-page.runtime.dev.js:35:10446)
    at /app/applet/node_modules/next/dist/compiled/next-server/app-page.runtime.dev.js:35:15122
    at aw (/app/applet/node_modules/next/dist/compiled/next-server/app-page.runtime.dev.js:35:16908)
    at a_ (/app/applet/node_modules/next/dist/compiled/next-server/app-page.runtime.dev.js:35:49776)
    at ab (/app/applet/node_modules/next/dist/compiled/next-server/app-page.runtime.dev.js:35:11808)
    at /app/applet/node_modules/next/dist/compiled/next-server/app-page.runtime.dev.js:35:16871
    at aw (/app/applet/node_modules/next/dist/compiled/next-server/app-page.runtime.dev.js:35:16908)
    at aw (/app/applet/node_modules/next/dist/compiled/next-server/app-page.runtime.dev.js:35:46505)
    at a_ (/app/applet/node_modules/next/dist/compiled/next-server/app-page.runtime.dev.js:35:49776)
    at ab (/app/applet/node_modules/next/dist/compiled/next-server/app-page.runtime.dev.js:35:11808)
    at /app/applet/node_modules/next/dist/compiled/next-server/app-page.runtime.dev.js:35:16871
    at aw (/app/applet/node_modules/next/dist/compiled/next-server/app-page.runtime.dev.js:35:16908)
    at a_ (/app/applet/node_modules/next/dist/compiled/next-server/app-page.runtime.dev.js:35:49776)
   Generating static pages (37/50) 
TypeError: Cannot read properties of null (reading 'useContext')
    at t.useContext (/app/applet/node_modules/next/dist/compiled/next-server/app-page.runtime.prod.js:12:109421)
    at d (/app/applet/.next/server/chunks/6204.js:1:23125)
    at h (/app/applet/.next/server/chunks/6204.js:1:15027)
    at au (/app/applet/node_modules/next/dist/compiled/next-server/app-page.runtime.dev.js:35:10446)
    at /app/applet/node_modules/next/dist/compiled/next-server/app-page.runtime.dev.js:35:15122
    at aw (/app/applet/node_modules/next/dist/compiled/next-server/app-page.runtime.dev.js:35:16908)
    at a_ (/app/applet/node_modules/next/dist/compiled/next-server/app-page.runtime.dev.js:35:49776)
    at ab (/app/applet/node_modules/next/dist/compiled/next-server/app-page.runtime.dev.js:35:11808)
    at /app/applet/node_modules/next/dist/compiled/next-server/app-page.runtime.dev.js:35:16871
    at aw (/app/applet/node_modules/next/dist/compiled/next-server/app-page.runtime.dev.js:35:16908)
    at aw (/app/applet/node_modules/next/dist/compiled/next-server/app-page.runtime.dev.js:35:46505)
    at a_ (/app/applet/node_modules/next/dist/compiled/next-server/app-page.runtime.dev.js:35:49776)
    at ab (/app/applet/node_modules/next/dist/compiled/next-server/app-page.runtime.dev.js:35:11808)
    at /app/applet/node_modules/next/dist/compiled/next-server/app-page.runtime.dev.js:35:16871
    at aw (/app/applet/node_modules/next/dist/compiled/next-server/app-page.runtime.dev.js:35:16908)
    at a_ (/app/applet/node_modules/next/dist/compiled/next-server/app-page.runtime.dev.js:35:49776) {
  digest: '789080945'
}
TypeError: Cannot read properties of null (reading 'useContext')
    at t.useContext (/app/applet/node_modules/next/dist/compiled/next-server/app-page.runtime.prod.js:12:109421)
    at d (/app/applet/.next/server/chunks/6204.js:1:23125)
    at h (/app/applet/.next/server/chunks/6204.js:1:15027)
    at au (/app/applet/node_modules/next/dist/compiled/next-server/app-page.runtime.dev.js:35:10446)
    at /app/applet/node_modules/next/dist/compiled/next-server/app-page.runtime.dev.js:35:15122
    at aw (/app/applet/node_modules/next/dist/compiled/next-server/app-page.runtime.dev.js:35:16908)
    at a_ (/app/applet/node_modules/next/dist/compiled/next-server/app-page.runtime.dev.js:35:49776)
    at ab (/app/applet/node_modules/next/dist/compiled/next-server/app-page.runtime.dev.js:35:11808)
    at /app/applet/node_modules/next/dist/compiled/next-server/app-page.runtime.dev.js:35:16871
    at aw (/app/applet/node_modules/next/dist/compiled/next-server/app-page.runtime.dev.js:35:16908)
    at aw (/app/applet/node_modules/next/dist/compiled/next-server/app-page.runtime.dev.js:35:46505)
    at a_ (/app/applet/node_modules/next/dist/compiled/next-server/app-page.runtime.dev.js:35:49776)
    at ab (/app/applet/node_modules/next/dist/compiled/next-server/app-page.runtime.dev.js:35:11808)
    at /app/applet/node_modules/next/dist/compiled/next-server/app-page.runtime.dev.js:35:16871
    at aw (/app/applet/node_modules/next/dist/compiled/next-server/app-page.runtime.dev.js:35:16908)
    at a_ (/app/applet/node_modules/next/dist/compiled/next-server/app-page.runtime.dev.js:35:49776)

Error occurred prerendering page "/dashboard/super-admin/progress-reports". Read more: https://nextjs.org/docs/messages/prerender-error

TypeError: Cannot read properties of null (reading 'useContext')
    at t.useContext (/app/applet/node_modules/next/dist/compiled/next-server/app-page.runtime.prod.js:12:109421)
    at d (/app/applet/.next/server/chunks/6204.js:1:23125)
    at h (/app/applet/.next/server/chunks/6204.js:1:15027)
    at au (/app/applet/node_modules/next/dist/compiled/next-server/app-page.runtime.dev.js:35:10446)
    at /app/applet/node_modules/next/dist/compiled/next-server/app-page.runtime.dev.js:35:15122
    at aw (/app/applet/node_modules/next/dist/compiled/next-server/app-page.runtime.dev.js:35:16908)
    at a_ (/app/applet/node_modules/next/dist/compiled/next-server/app-page.runtime.dev.js:35:49776)
    at ab (/app/applet/node_modules/next/dist/compiled/next-server/app-page.runtime.dev.js:35:11808)
    at /app/applet/node_modules/next/dist/compiled/next-server/app-page.runtime.dev.js:35:16871
    at aw (/app/applet/node_modules/next/dist/compiled/next-server/app-page.runtime.dev.js:35:16908)
    at aw (/app/applet/node_modules/next/dist/compiled/next-server/app-page.runtime.dev.js:35:46505)
    at a_ (/app/applet/node_modules/next/dist/compiled/next-server/app-page.runtime.dev.js:35:49776)
    at ab (/app/applet/node_modules/next/dist/compiled/next-server/app-page.runtime.dev.js:35:11808)
    at /app/applet/node_modules/next/dist/compiled/next-server/app-page.runtime.dev.js:35:16871
    at aw (/app/applet/node_modules/next/dist/compiled/next-server/app-page.runtime.dev.js:35:16908)
    at a_ (/app/applet/node_modules/next/dist/compiled/next-server/app-page.runtime.dev.js:35:49776)
TypeError: Cannot read properties of null (reading 'useContext')
    at t.useContext (/app/applet/node_modules/next/dist/compiled/next-server/app-page.runtime.prod.js:12:109421)
    at d (/app/applet/.next/server/chunks/6204.js:1:23125)
    at h (/app/applet/.next/server/chunks/6204.js:1:15027)
    at au (/app/applet/node_modules/next/dist/compiled/next-server/app-page.runtime.dev.js:35:10446)
    at /app/applet/node_modules/next/dist/compiled/next-server/app-page.runtime.dev.js:35:15122
    at aw (/app/applet/node_modules/next/dist/compiled/next-server/app-page.runtime.dev.js:35:16908)
    at a_ (/app/applet/node_modules/next/dist/compiled/next-server/app-page.runtime.dev.js:35:49776)
    at ab (/app/applet/node_modules/next/dist/compiled/next-server/app-page.runtime.dev.js:35:11808)
    at /app/applet/node_modules/next/dist/compiled/next-server/app-page.runtime.dev.js:35:16871
    at aw (/app/applet/node_modules/next/dist/compiled/next-server/app-page.runtime.dev.js:35:16908)
    at aw (/app/applet/node_modules/next/dist/compiled/next-server/app-page.runtime.dev.js:35:46505)
    at a_ (/app/applet/node_modules/next/dist/compiled/next-server/app-page.runtime.dev.js:35:49776)
    at ab (/app/applet/node_modules/next/dist/compiled/next-server/app-page.runtime.dev.js:35:11808)
    at /app/applet/node_modules/next/dist/compiled/next-server/app-page.runtime.dev.js:35:16871
    at aw (/app/applet/node_modules/next/dist/compiled/next-server/app-page.runtime.dev.js:35:16908)
    at a_ (/app/applet/node_modules/next/dist/compiled/next-server/app-page.runtime.dev.js:35:49776) {
  digest: '789080945'
}
TypeError: Cannot read properties of null (reading 'useContext')
    at t.useContext (/app/applet/node_modules/next/dist/compiled/next-server/app-page.runtime.prod.js:12:109421)
    at d (/app/applet/.next/server/chunks/6204.js:1:23125)
    at h (/app/applet/.next/server/chunks/6204.js:1:15027)
    at au (/app/applet/node_modules/next/dist/compiled/next-server/app-page.runtime.dev.js:35:10446)
    at /app/applet/node_modules/next/dist/compiled/next-server/app-page.runtime.dev.js:35:15122
    at aw (/app/applet/node_modules/next/dist/compiled/next-server/app-page.runtime.dev.js:35:16908)
    at a_ (/app/applet/node_modules/next/dist/compiled/next-server/app-page.runtime.dev.js:35:49776)
    at ab (/app/applet/node_modules/next/dist/compiled/next-server/app-page.runtime.dev.js:35:11808)
    at /app/applet/node_modules/next/dist/compiled/next-server/app-page.runtime.dev.js:35:16871
    at aw (/app/applet/node_modules/next/dist/compiled/next-server/app-page.runtime.dev.js:35:16908)
    at aw (/app/applet/node_modules/next/dist/compiled/next-server/app-page.runtime.dev.js:35:46505)
    at a_ (/app/applet/node_modules/next/dist/compiled/next-server/app-page.runtime.dev.js:35:49776)
    at ab (/app/applet/node_modules/next/dist/compiled/next-server/app-page.runtime.dev.js:35:11808)
    at /app/applet/node_modules/next/dist/compiled/next-server/app-page.runtime.dev.js:35:16871
    at aw (/app/applet/node_modules/next/dist/compiled/next-server/app-page.runtime.dev.js:35:16908)
    at a_ (/app/applet/node_modules/next/dist/compiled/next-server/app-page.runtime.dev.js:35:49776)

Error occurred prerendering page "/dashboard/super-admin/reports". Read more: https://nextjs.org/docs/messages/prerender-error

TypeError: Cannot read properties of null (reading 'useContext')
    at t.useContext (/app/applet/node_modules/next/dist/compiled/next-server/app-page.runtime.prod.js:12:109421)
    at d (/app/applet/.next/server/chunks/6204.js:1:23125)
    at h (/app/applet/.next/server/chunks/6204.js:1:15027)
    at au (/app/applet/node_modules/next/dist/compiled/next-server/app-page.runtime.dev.js:35:10446)
    at /app/applet/node_modules/next/dist/compiled/next-server/app-page.runtime.dev.js:35:15122
    at aw (/app/applet/node_modules/next/dist/compiled/next-server/app-page.runtime.dev.js:35:16908)
    at a_ (/app/applet/node_modules/next/dist/compiled/next-server/app-page.runtime.dev.js:35:49776)
    at ab (/app/applet/node_modules/next/dist/compiled/next-server/app-page.runtime.dev.js:35:11808)
    at /app/applet/node_modules/next/dist/compiled/next-server/app-page.runtime.dev.js:35:16871
    at aw (/app/applet/node_modules/next/dist/compiled/next-server/app-page.runtime.dev.js:35:16908)
    at aw (/app/applet/node_modules/next/dist/compiled/next-server/app-page.runtime.dev.js:35:46505)
    at a_ (/app/applet/node_modules/next/dist/compiled/next-server/app-page.runtime.dev.js:35:49776)
    at ab (/app/applet/node_modules/next/dist/compiled/next-server/app-page.runtime.dev.js:35:11808)
    at /app/applet/node_modules/next/dist/compiled/next-server/app-page.runtime.dev.js:35:16871
    at aw (/app/applet/node_modules/next/dist/compiled/next-server/app-page.runtime.dev.js:35:16908)
    at a_ (/app/applet/node_modules/next/dist/compiled/next-server/app-page.runtime.dev.js:35:49776)
TypeError: Cannot read properties of null (reading 'useContext')
    at t.useContext (/app/applet/node_modules/next/dist/compiled/next-server/app-page.runtime.prod.js:12:109421)
    at d (/app/applet/.next/server/chunks/6204.js:1:23125)
    at h (/app/applet/.next/server/chunks/6204.js:1:15027)
    at au (/app/applet/node_modules/next/dist/compiled/next-server/app-page.runtime.dev.js:35:10446)
    at /app/applet/node_modules/next/dist/compiled/next-server/app-page.runtime.dev.js:35:15122
    at aw (/app/applet/node_modules/next/dist/compiled/next-server/app-page.runtime.dev.js:35:16908)
    at a_ (/app/applet/node_modules/next/dist/compiled/next-server/app-page.runtime.dev.js:35:49776)
    at ab (/app/applet/node_modules/next/dist/compiled/next-server/app-page.runtime.dev.js:35:11808)
    at /app/applet/node_modules/next/dist/compiled/next-server/app-page.runtime.dev.js:35:16871
    at aw (/app/applet/node_modules/next/dist/compiled/next-server/app-page.runtime.dev.js:35:16908)
    at aw (/app/applet/node_modules/next/dist/compiled/next-server/app-page.runtime.dev.js:35:46505)
    at a_ (/app/applet/node_modules/next/dist/compiled/next-server/app-page.runtime.dev.js:35:49776)
    at ab (/app/applet/node_modules/next/dist/compiled/next-server/app-page.runtime.dev.js:35:11808)
    at /app/applet/node_modules/next/dist/compiled/next-server/app-page.runtime.dev.js:35:16871
    at aw (/app/applet/node_modules/next/dist/compiled/next-server/app-page.runtime.dev.js:35:16908)
    at a_ (/app/applet/node_modules/next/dist/compiled/next-server/app-page.runtime.dev.js:35:49776) {
  digest: '789080945'
}
TypeError: Cannot read properties of null (reading 'useContext')
    at t.useContext (/app/applet/node_modules/next/dist/compiled/next-server/app-page.runtime.prod.js:12:109421)
    at d (/app/applet/.next/server/chunks/6204.js:1:23125)
    at h (/app/applet/.next/server/chunks/6204.js:1:15027)
    at au (/app/applet/node_modules/next/dist/compiled/next-server/app-page.runtime.dev.js:35:10446)
    at /app/applet/node_modules/next/dist/compiled/next-server/app-page.runtime.dev.js:35:15122
    at aw (/app/applet/node_modules/next/dist/compiled/next-server/app-page.runtime.dev.js:35:16908)
    at a_ (/app/applet/node_modules/next/dist/compiled/next-server/app-page.runtime.dev.js:35:49776)
    at ab (/app/applet/node_modules/next/dist/compiled/next-server/app-page.runtime.dev.js:35:11808)
    at /app/applet/node_modules/next/dist/compiled/next-server/app-page.runtime.dev.js:35:16871
    at aw (/app/applet/node_modules/next/dist/compiled/next-server/app-page.runtime.dev.js:35:16908)
    at aw (/app/applet/node_modules/next/dist/compiled/next-server/app-page.runtime.dev.js:35:46505)
    at a_ (/app/applet/node_modules/next/dist/compiled/next-server/app-page.runtime.dev.js:35:49776)
    at ab (/app/applet/node_modules/next/dist/compiled/next-server/app-page.runtime.dev.js:35:11808)
    at /app/applet/node_modules/next/dist/compiled/next-server/app-page.runtime.dev.js:35:16871
    at aw (/app/applet/node_modules/next/dist/compiled/next-server/app-page.runtime.dev.js:35:16908)
    at a_ (/app/applet/node_modules/next/dist/compiled/next-server/app-page.runtime.dev.js:35:49776)

Error occurred prerendering page "/dashboard/super-admin/rig-registration". Read more: https://nextjs.org/docs/messages/prerender-error

TypeError: Cannot read properties of null (reading 'useContext')
    at t.useContext (/app/applet/node_modules/next/dist/compiled/next-server/app-page.runtime.prod.js:12:109421)
    at d (/app/applet/.next/server/chunks/6204.js:1:23125)
    at h (/app/applet/.next/server/chunks/6204.js:1:15027)
    at au (/app/applet/node_modules/next/dist/compiled/next-server/app-page.runtime.dev.js:35:10446)
    at /app/applet/node_modules/next/dist/compiled/next-server/app-page.runtime.dev.js:35:15122
    at aw (/app/applet/node_modules/next/dist/compiled/next-server/app-page.runtime.dev.js:35:16908)
    at a_ (/app/applet/node_modules/next/dist/compiled/next-server/app-page.runtime.dev.js:35:49776)
    at ab (/app/applet/node_modules/next/dist/compiled/next-server/app-page.runtime.dev.js:35:11808)
    at /app/applet/node_modules/next/dist/compiled/next-server/app-page.runtime.dev.js:35:16871
    at aw (/app/applet/node_modules/next/dist/compiled/next-server/app-page.runtime.dev.js:35:16908)
    at aw (/app/applet/node_modules/next/dist/compiled/next-server/app-page.runtime.dev.js:35:46505)
    at a_ (/app/applet/node_modules/next/dist/compiled/next-server/app-page.runtime.dev.js:35:49776)
    at ab (/app/applet/node_modules/next/dist/compiled/next-server/app-page.runtime.dev.js:35:11808)
    at /app/applet/node_modules/next/dist/compiled/next-server/app-page.runtime.dev.js:35:16871
    at aw (/app/applet/node_modules/next/dist/compiled/next-server/app-page.runtime.dev.js:35:16908)
    at a_ (/app/applet/node_modules/next/dist/compiled/next-server/app-page.runtime.dev.js:35:49776)
TypeError: Cannot read properties of null (reading 'useContext')
    at t.useContext (/app/applet/node_modules/next/dist/compiled/next-server/app-page.runtime.prod.js:12:109421)
    at d (/app/applet/.next/server/chunks/6204.js:1:23125)
    at h (/app/applet/.next/server/chunks/6204.js:1:15027)
    at au (/app/applet/node_modules/next/dist/compiled/next-server/app-page.runtime.dev.js:35:10446)
    at /app/applet/node_modules/next/dist/compiled/next-server/app-page.runtime.dev.js:35:15122
    at aw (/app/applet/node_modules/next/dist/compiled/next-server/app-page.runtime.dev.js:35:16908)
    at a_ (/app/applet/node_modules/next/dist/compiled/next-server/app-page.runtime.dev.js:35:49776)
    at ab (/app/applet/node_modules/next/dist/compiled/next-server/app-page.runtime.dev.js:35:11808)
    at /app/applet/node_modules/next/dist/compiled/next-server/app-page.runtime.dev.js:35:16871
    at aw (/app/applet/node_modules/next/dist/compiled/next-server/app-page.runtime.dev.js:35:16908)
    at aw (/app/applet/node_modules/next/dist/compiled/next-server/app-page.runtime.dev.js:35:46505)
    at a_ (/app/applet/node_modules/next/dist/compiled/next-server/app-page.runtime.dev.js:35:49776)
    at ab (/app/applet/node_modules/next/dist/compiled/next-server/app-page.runtime.dev.js:35:11808)
    at /app/applet/node_modules/next/dist/compiled/next-server/app-page.runtime.dev.js:35:16871
    at aw (/app/applet/node_modules/next/dist/compiled/next-server/app-page.runtime.dev.js:35:16908)
    at a_ (/app/applet/node_modules/next/dist/compiled/next-server/app-page.runtime.dev.js:35:49776) {
  digest: '789080945'
}
TypeError: Cannot read properties of null (reading 'useContext')
    at t.useContext (/app/applet/node_modules/next/dist/compiled/next-server/app-page.runtime.prod.js:12:109421)
    at d (/app/applet/.next/server/chunks/6204.js:1:23125)
    at h (/app/applet/.next/server/chunks/6204.js:1:15027)
    at au (/app/applet/node_modules/next/dist/compiled/next-server/app-page.runtime.dev.js:35:10446)
    at /app/applet/node_modules/next/dist/compiled/next-server/app-page.runtime.dev.js:35:15122
    at aw (/app/applet/node_modules/next/dist/compiled/next-server/app-page.runtime.dev.js:35:16908)
    at a_ (/app/applet/node_modules/next/dist/compiled/next-server/app-page.runtime.dev.js:35:49776)
    at ab (/app/applet/node_modules/next/dist/compiled/next-server/app-page.runtime.dev.js:35:11808)
    at /app/applet/node_modules/next/dist/compiled/next-server/app-page.runtime.dev.js:35:16871
    at aw (/app/applet/node_modules/next/dist/compiled/next-server/app-page.runtime.dev.js:35:16908)
    at aw (/app/applet/node_modules/next/dist/compiled/next-server/app-page.runtime.dev.js:35:46505)
    at a_ (/app/applet/node_modules/next/dist/compiled/next-server/app-page.runtime.dev.js:35:49776)
    at ab (/app/applet/node_modules/next/dist/compiled/next-server/app-page.runtime.dev.js:35:11808)
    at /app/applet/node_modules/next/dist/compiled/next-server/app-page.runtime.dev.js:35:16871
    at aw (/app/applet/node_modules/next/dist/compiled/next-server/app-page.runtime.dev.js:35:16908)
    at a_ (/app/applet/node_modules/next/dist/compiled/next-server/app-page.runtime.dev.js:35:49776)

Error occurred prerendering page "/dashboard/super-admin/settings". Read more: https://nextjs.org/docs/messages/prerender-error

TypeError: Cannot read properties of null (reading 'useContext')
    at t.useContext (/app/applet/node_modules/next/dist/compiled/next-server/app-page.runtime.prod.js:12:109421)
    at d (/app/applet/.next/server/chunks/6204.js:1:23125)
    at h (/app/applet/.next/server/chunks/6204.js:1:15027)
    at au (/app/applet/node_modules/next/dist/compiled/next-server/app-page.runtime.dev.js:35:10446)
    at /app/applet/node_modules/next/dist/compiled/next-server/app-page.runtime.dev.js:35:15122
    at aw (/app/applet/node_modules/next/dist/compiled/next-server/app-page.runtime.dev.js:35:16908)
    at a_ (/app/applet/node_modules/next/dist/compiled/next-server/app-page.runtime.dev.js:35:49776)
    at ab (/app/applet/node_modules/next/dist/compiled/next-server/app-page.runtime.dev.js:35:11808)
    at /app/applet/node_modules/next/dist/compiled/next-server/app-page.runtime.dev.js:35:16871
    at aw (/app/applet/node_modules/next/dist/compiled/next-server/app-page.runtime.dev.js:35:16908)
    at aw (/app/applet/node_modules/next/dist/compiled/next-server/app-page.runtime.dev.js:35:46505)
    at a_ (/app/applet/node_modules/next/dist/compiled/next-server/app-page.runtime.dev.js:35:49776)
    at ab (/app/applet/node_modules/next/dist/compiled/next-server/app-page.runtime.dev.js:35:11808)
    at /app/applet/node_modules/next/dist/compiled/next-server/app-page.runtime.dev.js:35:16871
    at aw (/app/applet/node_modules/next/dist/compiled/next-server/app-page.runtime.dev.js:35:16908)
    at a_ (/app/applet/node_modules/next/dist/compiled/next-server/app-page.runtime.dev.js:35:49776)
TypeError: Cannot read properties of null (reading 'useContext')
    at t.useContext (/app/applet/node_modules/next/dist/compiled/next-server/app-page.runtime.prod.js:12:109421)
    at d (/app/applet/.next/server/chunks/6204.js:1:23125)
    at h (/app/applet/.next/server/chunks/6204.js:1:15027)
    at au (/app/applet/node_modules/next/dist/compiled/next-server/app-page.runtime.dev.js:35:10446)
    at /app/applet/node_modules/next/dist/compiled/next-server/app-page.runtime.dev.js:35:15122
    at aw (/app/applet/node_modules/next/dist/compiled/next-server/app-page.runtime.dev.js:35:16908)
    at a_ (/app/applet/node_modules/next/dist/compiled/next-server/app-page.runtime.dev.js:35:49776)
    at ab (/app/applet/node_modules/next/dist/compiled/next-server/app-page.runtime.dev.js:35:11808)
    at /app/applet/node_modules/next/dist/compiled/next-server/app-page.runtime.dev.js:35:16871
    at aw (/app/applet/node_modules/next/dist/compiled/next-server/app-page.runtime.dev.js:35:16908)
    at aw (/app/applet/node_modules/next/dist/compiled/next-server/app-page.runtime.dev.js:35:46505)
    at a_ (/app/applet/node_modules/next/dist/compiled/next-server/app-page.runtime.dev.js:35:49776)
    at ab (/app/applet/node_modules/next/dist/compiled/next-server/app-page.runtime.dev.js:35:11808)
    at /app/applet/node_modules/next/dist/compiled/next-server/app-page.runtime.dev.js:35:16871
    at aw (/app/applet/node_modules/next/dist/compiled/next-server/app-page.runtime.dev.js:35:16908)
    at a_ (/app/applet/node_modules/next/dist/compiled/next-server/app-page.runtime.dev.js:35:49776) {
  digest: '789080945'
}
TypeError: Cannot read properties of null (reading 'useContext')
    at t.useContext (/app/applet/node_modules/next/dist/compiled/next-server/app-page.runtime.prod.js:12:109421)
    at d (/app/applet/.next/server/chunks/6204.js:1:23125)
    at h (/app/applet/.next/server/chunks/6204.js:1:15027)
    at au (/app/applet/node_modules/next/dist/compiled/next-server/app-page.runtime.dev.js:35:10446)
    at /app/applet/node_modules/next/dist/compiled/next-server/app-page.runtime.dev.js:35:15122
    at aw (/app/applet/node_modules/next/dist/compiled/next-server/app-page.runtime.dev.js:35:16908)
    at a_ (/app/applet/node_modules/next/dist/compiled/next-server/app-page.runtime.dev.js:35:49776)
    at ab (/app/applet/node_modules/next/dist/compiled/next-server/app-page.runtime.dev.js:35:11808)
    at /app/applet/node_modules/next/dist/compiled/next-server/app-page.runtime.dev.js:35:16871
    at aw (/app/applet/node_modules/next/dist/compiled/next-server/app-page.runtime.dev.js:35:16908)
    at aw (/app/applet/node_modules/next/dist/compiled/next-server/app-page.runtime.dev.js:35:46505)
    at a_ (/app/applet/node_modules/next/dist/compiled/next-server/app-page.runtime.dev.js:35:49776)
    at ab (/app/applet/node_modules/next/dist/compiled/next-server/app-page.runtime.dev.js:35:11808)
    at /app/applet/node_modules/next/dist/compiled/next-server/app-page.runtime.dev.js:35:16871
    at aw (/app/applet/node_modules/next/dist/compiled/next-server/app-page.runtime.dev.js:35:16908)
    at a_ (/app/applet/node_modules/next/dist/compiled/next-server/app-page.runtime.dev.js:35:49776)

Error occurred prerendering page "/dashboard/super-admin/user-management". Read more: https://nextjs.org/docs/messages/prerender-error

TypeError: Cannot read properties of null (reading 'useContext')
    at t.useContext (/app/applet/node_modules/next/dist/compiled/next-server/app-page.runtime.prod.js:12:109421)
    at d (/app/applet/.next/server/chunks/6204.js:1:23125)
    at h (/app/applet/.next/server/chunks/6204.js:1:15027)
    at au (/app/applet/node_modules/next/dist/compiled/next-server/app-page.runtime.dev.js:35:10446)
    at /app/applet/node_modules/next/dist/compiled/next-server/app-page.runtime.dev.js:35:15122
    at aw (/app/applet/node_modules/next/dist/compiled/next-server/app-page.runtime.dev.js:35:16908)
    at a_ (/app/applet/node_modules/next/dist/compiled/next-server/app-page.runtime.dev.js:35:49776)
    at ab (/app/applet/node_modules/next/dist/compiled/next-server/app-page.runtime.dev.js:35:11808)
    at /app/applet/node_modules/next/dist/compiled/next-server/app-page.runtime.dev.js:35:16871
    at aw (/app/applet/node_modules/next/dist/compiled/next-server/app-page.runtime.dev.js:35:16908)
    at aw (/app/applet/node_modules/next/dist/compiled/next-server/app-page.runtime.dev.js:35:46505)
    at a_ (/app/applet/node_modules/next/dist/compiled/next-server/app-page.runtime.dev.js:35:49776)
    at ab (/app/applet/node_modules/next/dist/compiled/next-server/app-page.runtime.dev.js:35:11808)
    at /app/applet/node_modules/next/dist/compiled/next-server/app-page.runtime.dev.js:35:16871
    at aw (/app/applet/node_modules/next/dist/compiled/next-server/app-page.runtime.dev.js:35:16908)
    at a_ (/app/applet/node_modules/next/dist/compiled/next-server/app-page.runtime.dev.js:35:49776)
TypeError: Cannot read properties of null (reading 'useContext')
    at t.useContext (/app/applet/node_modules/next/dist/compiled/next-server/app-page.runtime.prod.js:12:109421)
    at d (/app/applet/.next/server/chunks/6204.js:1:23125)
    at h (/app/applet/.next/server/chunks/6204.js:1:15027)
    at au (/app/applet/node_modules/next/dist/compiled/next-server/app-page.runtime.dev.js:35:10446)
    at /app/applet/node_modules/next/dist/compiled/next-server/app-page.runtime.dev.js:35:15122
    at aw (/app/applet/node_modules/next/dist/compiled/next-server/app-page.runtime.dev.js:35:16908)
    at a_ (/app/applet/node_modules/next/dist/compiled/next-server/app-page.runtime.dev.js:35:49776)
    at ab (/app/applet/node_modules/next/dist/compiled/next-server/app-page.runtime.dev.js:35:11808)
    at /app/applet/node_modules/next/dist/compiled/next-server/app-page.runtime.dev.js:35:16871
    at aw (/app/applet/node_modules/next/dist/compiled/next-server/app-page.runtime.dev.js:35:16908)
    at aw (/app/applet/node_modules/next/dist/compiled/next-server/app-page.runtime.dev.js:35:46505)
    at a_ (/app/applet/node_modules/next/dist/compiled/next-server/app-page.runtime.dev.js:35:49776)
    at ab (/app/applet/node_modules/next/dist/compiled/next-server/app-page.runtime.dev.js:35:11808)
    at /app/applet/node_modules/next/dist/compiled/next-server/app-page.runtime.dev.js:35:16871
    at aw (/app/applet/node_modules/next/dist/compiled/next-server/app-page.runtime.dev.js:35:16908)
    at a_ (/app/applet/node_modules/next/dist/compiled/next-server/app-page.runtime.dev.js:35:49776) {
  digest: '789080945'
}
TypeError: Cannot read properties of null (reading 'useContext')
    at t.useContext (/app/applet/node_modules/next/dist/compiled/next-server/app-page.runtime.prod.js:12:109421)
    at d (/app/applet/.next/server/chunks/6204.js:1:23125)
    at h (/app/applet/.next/server/chunks/6204.js:1:15027)
    at au (/app/applet/node_modules/next/dist/compiled/next-server/app-page.runtime.dev.js:35:10446)
    at /app/applet/node_modules/next/dist/compiled/next-server/app-page.runtime.dev.js:35:15122
    at aw (/app/applet/node_modules/next/dist/compiled/next-server/app-page.runtime.dev.js:35:16908)
    at a_ (/app/applet/node_modules/next/dist/compiled/next-server/app-page.runtime.dev.js:35:49776)
    at ab (/app/applet/node_modules/next/dist/compiled/next-server/app-page.runtime.dev.js:35:11808)
    at /app/applet/node_modules/next/dist/compiled/next-server/app-page.runtime.dev.js:35:16871
    at aw (/app/applet/node_modules/next/dist/compiled/next-server/app-page.runtime.dev.js:35:16908)
    at aw (/app/applet/node_modules/next/dist/compiled/next-server/app-page.runtime.dev.js:35:46505)
    at a_ (/app/applet/node_modules/next/dist/compiled/next-server/app-page.runtime.dev.js:35:49776)
    at ab (/app/applet/node_modules/next/dist/compiled/next-server/app-page.runtime.dev.js:35:11808)
    at /app/applet/node_modules/next/dist/compiled/next-server/app-page.runtime.dev.js:35:16871
    at aw (/app/applet/node_modules/next/dist/compiled/next-server/app-page.runtime.dev.js:35:16908)
    at a_ (/app/applet/node_modules/next/dist/compiled/next-server/app-page.runtime.dev.js:35:49776)

Error occurred prerendering page "/dashboard/user-management". Read more: https://nextjs.org/docs/messages/prerender-error

TypeError: Cannot read properties of null (reading 'useContext')
    at t.useContext (/app/applet/node_modules/next/dist/compiled/next-server/app-page.runtime.prod.js:12:109421)
    at d (/app/applet/.next/server/chunks/6204.js:1:23125)
    at h (/app/applet/.next/server/chunks/6204.js:1:15027)
    at au (/app/applet/node_modules/next/dist/compiled/next-server/app-page.runtime.dev.js:35:10446)
    at /app/applet/node_modules/next/dist/compiled/next-server/app-page.runtime.dev.js:35:15122
    at aw (/app/applet/node_modules/next/dist/compiled/next-server/app-page.runtime.dev.js:35:16908)
    at a_ (/app/applet/node_modules/next/dist/compiled/next-server/app-page.runtime.dev.js:35:49776)
    at ab (/app/applet/node_modules/next/dist/compiled/next-server/app-page.runtime.dev.js:35:11808)
    at /app/applet/node_modules/next/dist/compiled/next-server/app-page.runtime.dev.js:35:16871
    at aw (/app/applet/node_modules/next/dist/compiled/next-server/app-page.runtime.dev.js:35:16908)
    at aw (/app/applet/node_modules/next/dist/compiled/next-server/app-page.runtime.dev.js:35:46505)
    at a_ (/app/applet/node_modules/next/dist/compiled/next-server/app-page.runtime.dev.js:35:49776)
    at ab (/app/applet/node_modules/next/dist/compiled/next-server/app-page.runtime.dev.js:35:11808)
    at /app/applet/node_modules/next/dist/compiled/next-server/app-page.runtime.dev.js:35:16871
    at aw (/app/applet/node_modules/next/dist/compiled/next-server/app-page.runtime.dev.js:35:16908)
    at a_ (/app/applet/node_modules/next/dist/compiled/next-server/app-page.runtime.dev.js:35:49776)
TypeError: Cannot read properties of null (reading 'useContext')
    at t.useContext (/app/applet/node_modules/next/dist/compiled/next-server/app-page.runtime.prod.js:12:109421)
    at d (/app/applet/.next/server/chunks/6204.js:1:23125)
    at h (/app/applet/.next/server/chunks/6204.js:1:15027)
    at au (/app/applet/node_modules/next/dist/compiled/next-server/app-page.runtime.dev.js:35:10446)
    at /app/applet/node_modules/next/dist/compiled/next-server/app-page.runtime.dev.js:35:15122
    at aw (/app/applet/node_modules/next/dist/compiled/next-server/app-page.runtime.dev.js:35:16908)
    at a_ (/app/applet/node_modules/next/dist/compiled/next-server/app-page.runtime.dev.js:35:49776)
    at ab (/app/applet/node_modules/next/dist/compiled/next-server/app-page.runtime.dev.js:35:11808)
    at /app/applet/node_modules/next/dist/compiled/next-server/app-page.runtime.dev.js:35:16871
    at aw (/app/applet/node_modules/next/dist/compiled/next-server/app-page.runtime.dev.js:35:16908)
    at aw (/app/applet/node_modules/next/dist/compiled/next-server/app-page.runtime.dev.js:35:46505)
    at a_ (/app/applet/node_modules/next/dist/compiled/next-server/app-page.runtime.dev.js:35:49776)
    at ab (/app/applet/node_modules/next/dist/compiled/next-server/app-page.runtime.dev.js:35:11808)
    at /app/applet/node_modules/next/dist/compiled/next-server/app-page.runtime.dev.js:35:16871
    at aw (/app/applet/node_modules/next/dist/compiled/next-server/app-page.runtime.dev.js:35:16908)
    at a_ (/app/applet/node_modules/next/dist/compiled/next-server/app-page.runtime.dev.js:35:49776) {
  digest: '789080945'
}
TypeError: Cannot read properties of null (reading 'useContext')
    at t.useContext (/app/applet/node_modules/next/dist/compiled/next-server/app-page.runtime.prod.js:12:109421)
    at d (/app/applet/.next/server/chunks/6204.js:1:23125)
    at h (/app/applet/.next/server/chunks/6204.js:1:15027)
    at au (/app/applet/node_modules/next/dist/compiled/next-server/app-page.runtime.dev.js:35:10446)
    at /app/applet/node_modules/next/dist/compiled/next-server/app-page.runtime.dev.js:35:15122
    at aw (/app/applet/node_modules/next/dist/compiled/next-server/app-page.runtime.dev.js:35:16908)
    at a_ (/app/applet/node_modules/next/dist/compiled/next-server/app-page.runtime.dev.js:35:49776)
    at ab (/app/applet/node_modules/next/dist/compiled/next-server/app-page.runtime.dev.js:35:11808)
    at /app/applet/node_modules/next/dist/compiled/next-server/app-page.runtime.dev.js:35:16871
    at aw (/app/applet/node_modules/next/dist/compiled/next-server/app-page.runtime.dev.js:35:16908)
    at aw (/app/applet/node_modules/next/dist/compiled/next-server/app-page.runtime.dev.js:35:46505)
    at a_ (/app/applet/node_modules/next/dist/compiled/next-server/app-page.runtime.dev.js:35:49776)
    at ab (/app/applet/node_modules/next/dist/compiled/next-server/app-page.runtime.dev.js:35:11808)
    at /app/applet/node_modules/next/dist/compiled/next-server/app-page.runtime.dev.js:35:16871
    at aw (/app/applet/node_modules/next/dist/compiled/next-server/app-page.runtime.dev.js:35:16908)
    at a_ (/app/applet/node_modules/next/dist/compiled/next-server/app-page.runtime.dev.js:35:49776)

Error occurred prerendering page "/dashboard/super-admin/technical-sanction". Read more: https://nextjs.org/docs/messages/prerender-error

TypeError: Cannot read properties of null (reading 'useContext')
    at t.useContext (/app/applet/node_modules/next/dist/compiled/next-server/app-page.runtime.prod.js:12:109421)
    at d (/app/applet/.next/server/chunks/6204.js:1:23125)
    at h (/app/applet/.next/server/chunks/6204.js:1:15027)
    at au (/app/applet/node_modules/next/dist/compiled/next-server/app-page.runtime.dev.js:35:10446)
    at /app/applet/node_modules/next/dist/compiled/next-server/app-page.runtime.dev.js:35:15122
    at aw (/app/applet/node_modules/next/dist/compiled/next-server/app-page.runtime.dev.js:35:16908)
    at a_ (/app/applet/node_modules/next/dist/compiled/next-server/app-page.runtime.dev.js:35:49776)
    at ab (/app/applet/node_modules/next/dist/compiled/next-server/app-page.runtime.dev.js:35:11808)
    at /app/applet/node_modules/next/dist/compiled/next-server/app-page.runtime.dev.js:35:16871
    at aw (/app/applet/node_modules/next/dist/compiled/next-server/app-page.runtime.dev.js:35:16908)
    at aw (/app/applet/node_modules/next/dist/compiled/next-server/app-page.runtime.dev.js:35:46505)
    at a_ (/app/applet/node_modules/next/dist/compiled/next-server/app-page.runtime.dev.js:35:49776)
    at ab (/app/applet/node_modules/next/dist/compiled/next-server/app-page.runtime.dev.js:35:11808)
    at /app/applet/node_modules/next/dist/compiled/next-server/app-page.runtime.dev.js:35:16871
    at aw (/app/applet/node_modules/next/dist/compiled/next-server/app-page.runtime.dev.js:35:16908)
    at a_ (/app/applet/node_modules/next/dist/compiled/next-server/app-page.runtime.dev.js:35:49776)
TypeError: Cannot read properties of null (reading 'useContext')
    at t.useContext (/app/applet/node_modules/next/dist/compiled/next-server/app-page.runtime.prod.js:12:109421)
    at d (/app/applet/.next/server/chunks/6204.js:1:23125)
    at h (/app/applet/.next/server/chunks/6204.js:1:15027)
    at au (/app/applet/node_modules/next/dist/compiled/next-server/app-page.runtime.dev.js:35:10446)
    at /app/applet/node_modules/next/dist/compiled/next-server/app-page.runtime.dev.js:35:15122
    at aw (/app/applet/node_modules/next/dist/compiled/next-server/app-page.runtime.dev.js:35:16908)
    at a_ (/app/applet/node_modules/next/dist/compiled/next-server/app-page.runtime.dev.js:35:49776)
    at ab (/app/applet/node_modules/next/dist/compiled/next-server/app-page.runtime.dev.js:35:11808)
    at /app/applet/node_modules/next/dist/compiled/next-server/app-page.runtime.dev.js:35:16871
    at aw (/app/applet/node_modules/next/dist/compiled/next-server/app-page.runtime.dev.js:35:16908)
    at aw (/app/applet/node_modules/next/dist/compiled/next-server/app-page.runtime.dev.js:35:46505)
    at a_ (/app/applet/node_modules/next/dist/compiled/next-server/app-page.runtime.dev.js:35:49776)
    at ab (/app/applet/node_modules/next/dist/compiled/next-server/app-page.runtime.dev.js:35:11808)
    at /app/applet/node_modules/next/dist/compiled/next-server/app-page.runtime.dev.js:35:16871
    at aw (/app/applet/node_modules/next/dist/compiled/next-server/app-page.runtime.dev.js:35:16908)
    at a_ (/app/applet/node_modules/next/dist/compiled/next-server/app-page.runtime.dev.js:35:49776) {
  digest: '789080945'
}
TypeError: Cannot read properties of null (reading 'useContext')
    at t.useContext (/app/applet/node_modules/next/dist/compiled/next-server/app-page.runtime.prod.js:12:109421)
    at d (/app/applet/.next/server/chunks/6204.js:1:23125)
    at h (/app/applet/.next/server/chunks/6204.js:1:15027)
    at au (/app/applet/node_modules/next/dist/compiled/next-server/app-page.runtime.dev.js:35:10446)
    at /app/applet/node_modules/next/dist/compiled/next-server/app-page.runtime.dev.js:35:15122
    at aw (/app/applet/node_modules/next/dist/compiled/next-server/app-page.runtime.dev.js:35:16908)
    at a_ (/app/applet/node_modules/next/dist/compiled/next-server/app-page.runtime.dev.js:35:49776)
    at ab (/app/applet/node_modules/next/dist/compiled/next-server/app-page.runtime.dev.js:35:11808)
    at /app/applet/node_modules/next/dist/compiled/next-server/app-page.runtime.dev.js:35:16871
    at aw (/app/applet/node_modules/next/dist/compiled/next-server/app-page.runtime.dev.js:35:16908)
    at aw (/app/applet/node_modules/next/dist/compiled/next-server/app-page.runtime.dev.js:35:46505)
    at a_ (/app/applet/node_modules/next/dist/compiled/next-server/app-page.runtime.dev.js:35:49776)
    at ab (/app/applet/node_modules/next/dist/compiled/next-server/app-page.runtime.dev.js:35:11808)
    at /app/applet/node_modules/next/dist/compiled/next-server/app-page.runtime.dev.js:35:16871
    at aw (/app/applet/node_modules/next/dist/compiled/next-server/app-page.runtime.dev.js:35:16908)
    at a_ (/app/applet/node_modules/next/dist/compiled/next-server/app-page.runtime.dev.js:35:49776)

Error occurred prerendering page "/dashboard/super-admin/vehicles". Read more: https://nextjs.org/docs/messages/prerender-error

TypeError: Cannot read properties of null (reading 'useContext')
    at t.useContext (/app/applet/node_modules/next/dist/compiled/next-server/app-page.runtime.prod.js:12:109421)
    at d (/app/applet/.next/server/chunks/6204.js:1:23125)
    at h (/app/applet/.next/server/chunks/6204.js:1:15027)
    at au (/app/applet/node_modules/next/dist/compiled/next-server/app-page.runtime.dev.js:35:10446)
    at /app/applet/node_modules/next/dist/compiled/next-server/app-page.runtime.dev.js:35:15122
    at aw (/app/applet/node_modules/next/dist/compiled/next-server/app-page.runtime.dev.js:35:16908)
    at a_ (/app/applet/node_modules/next/dist/compiled/next-server/app-page.runtime.dev.js:35:49776)
    at ab (/app/applet/node_modules/next/dist/compiled/next-server/app-page.runtime.dev.js:35:11808)
    at /app/applet/node_modules/next/dist/compiled/next-server/app-page.runtime.dev.js:35:16871
    at aw (/app/applet/node_modules/next/dist/compiled/next-server/app-page.runtime.dev.js:35:16908)
    at aw (/app/applet/node_modules/next/dist/compiled/next-server/app-page.runtime.dev.js:35:46505)
    at a_ (/app/applet/node_modules/next/dist/compiled/next-server/app-page.runtime.dev.js:35:49776)
    at ab (/app/applet/node_modules/next/dist/compiled/next-server/app-page.runtime.dev.js:35:11808)
    at /app/applet/node_modules/next/dist/compiled/next-server/app-page.runtime.dev.js:35:16871
    at aw (/app/applet/node_modules/next/dist/compiled/next-server/app-page.runtime.dev.js:35:16908)
    at a_ (/app/applet/node_modules/next/dist/compiled/next-server/app-page.runtime.dev.js:35:49776)
TypeError: Cannot read properties of null (reading 'useContext')
    at t.useContext (/app/applet/node_modules/next/dist/compiled/next-server/app-page.runtime.prod.js:12:109421)
    at d (/app/applet/.next/server/chunks/6204.js:1:23125)
    at h (/app/applet/.next/server/chunks/6204.js:1:15027)
    at au (/app/applet/node_modules/next/dist/compiled/next-server/app-page.runtime.dev.js:35:10446)
    at /app/applet/node_modules/next/dist/compiled/next-server/app-page.runtime.dev.js:35:15122
    at aw (/app/applet/node_modules/next/dist/compiled/next-server/app-page.runtime.dev.js:35:16908)
    at a_ (/app/applet/node_modules/next/dist/compiled/next-server/app-page.runtime.dev.js:35:49776)
    at ab (/app/applet/node_modules/next/dist/compiled/next-server/app-page.runtime.dev.js:35:11808)
    at /app/applet/node_modules/next/dist/compiled/next-server/app-page.runtime.dev.js:35:16871
    at aw (/app/applet/node_modules/next/dist/compiled/next-server/app-page.runtime.dev.js:35:16908)
    at aw (/app/applet/node_modules/next/dist/compiled/next-server/app-page.runtime.dev.js:35:46505)
    at a_ (/app/applet/node_modules/next/dist/compiled/next-server/app-page.runtime.dev.js:35:49776)
    at ab (/app/applet/node_modules/next/dist/compiled/next-server/app-page.runtime.dev.js:35:11808)
    at /app/applet/node_modules/next/dist/compiled/next-server/app-page.runtime.dev.js:35:16871
    at aw (/app/applet/node_modules/next/dist/compiled/next-server/app-page.runtime.dev.js:35:16908)
    at a_ (/app/applet/node_modules/next/dist/compiled/next-server/app-page.runtime.dev.js:35:49776) {
  digest: '789080945'
}
TypeError: Cannot read properties of null (reading 'useContext')
    at t.useContext (/app/applet/node_modules/next/dist/compiled/next-server/app-page.runtime.prod.js:12:109421)
    at d (/app/applet/.next/server/chunks/6204.js:1:23125)
    at h (/app/applet/.next/server/chunks/6204.js:1:15027)
    at au (/app/applet/node_modules/next/dist/compiled/next-server/app-page.runtime.dev.js:35:10446)
    at /app/applet/node_modules/next/dist/compiled/next-server/app-page.runtime.dev.js:35:15122
    at aw (/app/applet/node_modules/next/dist/compiled/next-server/app-page.runtime.dev.js:35:16908)
    at a_ (/app/applet/node_modules/next/dist/compiled/next-server/app-page.runtime.dev.js:35:49776)
    at ab (/app/applet/node_modules/next/dist/compiled/next-server/app-page.runtime.dev.js:35:11808)
    at /app/applet/node_modules/next/dist/compiled/next-server/app-page.runtime.dev.js:35:16871
    at aw (/app/applet/node_modules/next/dist/compiled/next-server/app-page.runtime.dev.js:35:16908)
    at aw (/app/applet/node_modules/next/dist/compiled/next-server/app-page.runtime.dev.js:35:46505)
    at a_ (/app/applet/node_modules/next/dist/compiled/next-server/app-page.runtime.dev.js:35:49776)
    at ab (/app/applet/node_modules/next/dist/compiled/next-server/app-page.runtime.dev.js:35:11808)
    at /app/applet/node_modules/next/dist/compiled/next-server/app-page.runtime.dev.js:35:16871
    at aw (/app/applet/node_modules/next/dist/compiled/next-server/app-page.runtime.dev.js:35:16908)
    at a_ (/app/applet/node_modules/next/dist/compiled/next-server/app-page.runtime.dev.js:35:49776)

Error occurred prerendering page "/register". Read more: https://nextjs.org/docs/messages/prerender-error

TypeError: Cannot read properties of null (reading 'useContext')
    at t.useContext (/app/applet/node_modules/next/dist/compiled/next-server/app-page.runtime.prod.js:12:109421)
    at d (/app/applet/.next/server/chunks/6204.js:1:23125)
    at h (/app/applet/.next/server/chunks/6204.js:1:15027)
    at au (/app/applet/node_modules/next/dist/compiled/next-server/app-page.runtime.dev.js:35:10446)
    at /app/applet/node_modules/next/dist/compiled/next-server/app-page.runtime.dev.js:35:15122
    at aw (/app/applet/node_modules/next/dist/compiled/next-server/app-page.runtime.dev.js:35:16908)
    at a_ (/app/applet/node_modules/next/dist/compiled/next-server/app-page.runtime.dev.js:35:49776)
    at ab (/app/applet/node_modules/next/dist/compiled/next-server/app-page.runtime.dev.js:35:11808)
    at /app/applet/node_modules/next/dist/compiled/next-server/app-page.runtime.dev.js:35:16871
    at aw (/app/applet/node_modules/next/dist/compiled/next-server/app-page.runtime.dev.js:35:16908)
    at aw (/app/applet/node_modules/next/dist/compiled/next-server/app-page.runtime.dev.js:35:46505)
    at a_ (/app/applet/node_modules/next/dist/compiled/next-server/app-page.runtime.dev.js:35:49776)
    at ab (/app/applet/node_modules/next/dist/compiled/next-server/app-page.runtime.dev.js:35:11808)
    at /app/applet/node_modules/next/dist/compiled/next-server/app-page.runtime.dev.js:35:16871
    at aw (/app/applet/node_modules/next/dist/compiled/next-server/app-page.runtime.dev.js:35:16908)
    at a_ (/app/applet/node_modules/next/dist/compiled/next-server/app-page.runtime.dev.js:35:49776)
TypeError: Cannot read properties of null (reading 'useContext')
    at t.useContext (/app/applet/node_modules/next/dist/compiled/next-server/app-page.runtime.prod.js:12:109421)
    at d (/app/applet/.next/server/chunks/6204.js:1:23125)
    at h (/app/applet/.next/server/chunks/6204.js:1:15027)
    at au (/app/applet/node_modules/next/dist/compiled/next-server/app-page.runtime.dev.js:35:10446)
    at /app/applet/node_modules/next/dist/compiled/next-server/app-page.runtime.dev.js:35:15122
    at aw (/app/applet/node_modules/next/dist/compiled/next-server/app-page.runtime.dev.js:35:16908)
    at a_ (/app/applet/node_modules/next/dist/compiled/next-server/app-page.runtime.dev.js:35:49776)
    at ab (/app/applet/node_modules/next/dist/compiled/next-server/app-page.runtime.dev.js:35:11808)
    at /app/applet/node_modules/next/dist/compiled/next-server/app-page.runtime.dev.js:35:16871
    at aw (/app/applet/node_modules/next/dist/compiled/next-server/app-page.runtime.dev.js:35:16908)
    at aw (/app/applet/node_modules/next/dist/compiled/next-server/app-page.runtime.dev.js:35:46505)
    at a_ (/app/applet/node_modules/next/dist/compiled/next-server/app-page.runtime.dev.js:35:49776)
    at ab (/app/applet/node_modules/next/dist/compiled/next-server/app-page.runtime.dev.js:35:11808)
    at /app/applet/node_modules/next/dist/compiled/next-server/app-page.runtime.dev.js:35:16871
    at aw (/app/applet/node_modules/next/dist/compiled/next-server/app-page.runtime.dev.js:35:16908)
    at a_ (/app/applet/node_modules/next/dist/compiled/next-server/app-page.runtime.dev.js:35:49776) {
  digest: '789080945'
}
TypeError: Cannot read properties of null (reading 'useContext')
    at t.useContext (/app/applet/node_modules/next/dist/compiled/next-server/app-page.runtime.prod.js:12:109421)
    at d (/app/applet/.next/server/chunks/6204.js:1:23125)
    at h (/app/applet/.next/server/chunks/6204.js:1:15027)
    at au (/app/applet/node_modules/next/dist/compiled/next-server/app-page.runtime.dev.js:35:10446)
    at /app/applet/node_modules/next/dist/compiled/next-server/app-page.runtime.dev.js:35:15122
    at aw (/app/applet/node_modules/next/dist/compiled/next-server/app-page.runtime.dev.js:35:16908)
    at a_ (/app/applet/node_modules/next/dist/compiled/next-server/app-page.runtime.dev.js:35:49776)
    at ab (/app/applet/node_modules/next/dist/compiled/next-server/app-page.runtime.dev.js:35:11808)
    at /app/applet/node_modules/next/dist/compiled/next-server/app-page.runtime.dev.js:35:16871
    at aw (/app/applet/node_modules/next/dist/compiled/next-server/app-page.runtime.dev.js:35:16908)
    at aw (/app/applet/node_modules/next/dist/compiled/next-server/app-page.runtime.dev.js:35:46505)
    at a_ (/app/applet/node_modules/next/dist/compiled/next-server/app-page.runtime.dev.js:35:49776)
    at ab (/app/applet/node_modules/next/dist/compiled/next-server/app-page.runtime.dev.js:35:11808)
    at /app/applet/node_modules/next/dist/compiled/next-server/app-page.runtime.dev.js:35:16871
    at aw (/app/applet/node_modules/next/dist/compiled/next-server/app-page.runtime.dev.js:35:16908)
    at a_ (/app/applet/node_modules/next/dist/compiled/next-server/app-page.runtime.dev.js:35:49776)

Error occurred prerendering page "/". Read more: https://nextjs.org/docs/messages/prerender-error

TypeError: Cannot read properties of null (reading 'useContext')
    at t.useContext (/app/applet/node_modules/next/dist/compiled/next-server/app-page.runtime.prod.js:12:109421)
    at d (/app/applet/.next/server/chunks/6204.js:1:23125)
    at h (/app/applet/.next/server/chunks/6204.js:1:15027)
    at au (/app/applet/node_modules/next/dist/compiled/next-server/app-page.runtime.dev.js:35:10446)
    at /app/applet/node_modules/next/dist/compiled/next-server/app-page.runtime.dev.js:35:15122
    at aw (/app/applet/node_modules/next/dist/compiled/next-server/app-page.runtime.dev.js:35:16908)
    at a_ (/app/applet/node_modules/next/dist/compiled/next-server/app-page.runtime.dev.js:35:49776)
    at ab (/app/applet/node_modules/next/dist/compiled/next-server/app-page.runtime.dev.js:35:11808)
    at /app/applet/node_modules/next/dist/compiled/next-server/app-page.runtime.dev.js:35:16871
    at aw (/app/applet/node_modules/next/dist/compiled/next-server/app-page.runtime.dev.js:35:16908)
    at aw (/app/applet/node_modules/next/dist/compiled/next-server/app-page.runtime.dev.js:35:46505)
    at a_ (/app/applet/node_modules/next/dist/compiled/next-server/app-page.runtime.dev.js:35:49776)
    at ab (/app/applet/node_modules/next/dist/compiled/next-server/app-page.runtime.dev.js:35:11808)
    at /app/applet/node_modules/next/dist/compiled/next-server/app-page.runtime.dev.js:35:16871
    at aw (/app/applet/node_modules/next/dist/compiled/next-server/app-page.runtime.dev.js:35:16908)
    at a_ (/app/applet/node_modules/next/dist/compiled/next-server/app-page.runtime.dev.js:35:49776)
TypeError: Cannot read properties of null (reading 'useContext')
    at t.useContext (/app/applet/node_modules/next/dist/compiled/next-server/app-page.runtime.prod.js:12:109421)
    at d (/app/applet/.next/server/chunks/6204.js:1:23125)
    at h (/app/applet/.next/server/chunks/6204.js:1:15027)
    at au (/app/applet/node_modules/next/dist/compiled/next-server/app-page.runtime.dev.js:35:10446)
    at /app/applet/node_modules/next/dist/compiled/next-server/app-page.runtime.dev.js:35:15122
    at aw (/app/applet/node_modules/next/dist/compiled/next-server/app-page.runtime.dev.js:35:16908)
    at a_ (/app/applet/node_modules/next/dist/compiled/next-server/app-page.runtime.dev.js:35:49776)
    at ab (/app/applet/node_modules/next/dist/compiled/next-server/app-page.runtime.dev.js:35:11808)
    at /app/applet/node_modules/next/dist/compiled/next-server/app-page.runtime.dev.js:35:16871
    at aw (/app/applet/node_modules/next/dist/compiled/next-server/app-page.runtime.dev.js:35:16908)
    at aw (/app/applet/node_modules/next/dist/compiled/next-server/app-page.runtime.dev.js:35:46505)
    at a_ (/app/applet/node_modules/next/dist/compiled/next-server/app-page.runtime.dev.js:35:49776)
    at ab (/app/applet/node_modules/next/dist/compiled/next-server/app-page.runtime.dev.js:35:11808)
    at /app/applet/node_modules/next/dist/compiled/next-server/app-page.runtime.dev.js:35:16871
    at aw (/app/applet/node_modules/next/dist/compiled/next-server/app-page.runtime.dev.js:35:16908)
    at a_ (/app/applet/node_modules/next/dist/compiled/next-server/app-page.runtime.dev.js:35:49776) {
  digest: '789080945'
}
TypeError: Cannot read properties of null (reading 'useContext')
    at t.useContext (/app/applet/node_modules/next/dist/compiled/next-server/app-page.runtime.prod.js:12:109421)
    at d (/app/applet/.next/server/chunks/6204.js:1:23125)
    at h (/app/applet/.next/server/chunks/6204.js:1:15027)
    at au (/app/applet/node_modules/next/dist/compiled/next-server/app-page.runtime.dev.js:35:10446)
    at /app/applet/node_modules/next/dist/compiled/next-server/app-page.runtime.dev.js:35:15122
    at aw (/app/applet/node_modules/next/dist/compiled/next-server/app-page.runtime.dev.js:35:16908)
    at a_ (/app/applet/node_modules/next/dist/compiled/next-server/app-page.runtime.dev.js:35:49776)
    at ab (/app/applet/node_modules/next/dist/compiled/next-server/app-page.runtime.dev.js:35:11808)
    at /app/applet/node_modules/next/dist/compiled/next-server/app-page.runtime.dev.js:35:16871
    at aw (/app/applet/node_modules/next/dist/compiled/next-server/app-page.runtime.dev.js:35:16908)
    at aw (/app/applet/node_modules/next/dist/compiled/next-server/app-page.runtime.dev.js:35:46505)
    at a_ (/app/applet/node_modules/next/dist/compiled/next-server/app-page.runtime.dev.js:35:49776)
    at ab (/app/applet/node_modules/next/dist/compiled/next-server/app-page.runtime.dev.js:35:11808)
    at /app/applet/node_modules/next/dist/compiled/next-server/app-page.runtime.dev.js:35:16871
    at aw (/app/applet/node_modules/next/dist/compiled/next-server/app-page.runtime.dev.js:35:16908)
    at a_ (/app/applet/node_modules/next/dist/compiled/next-server/app-page.runtime.dev.js:35:49776)

Error occurred prerendering page "/login". Read more: https://nextjs.org/docs/messages/prerender-error

TypeError: Cannot read properties of null (reading 'useContext')
    at t.useContext (/app/applet/node_modules/next/dist/compiled/next-server/app-page.runtime.prod.js:12:109421)
    at d (/app/applet/.next/server/chunks/6204.js:1:23125)
    at h (/app/applet/.next/server/chunks/6204.js:1:15027)
    at au (/app/applet/node_modules/next/dist/compiled/next-server/app-page.runtime.dev.js:35:10446)
    at /app/applet/node_modules/next/dist/compiled/next-server/app-page.runtime.dev.js:35:15122
    at aw (/app/applet/node_modules/next/dist/compiled/next-server/app-page.runtime.dev.js:35:16908)
    at a_ (/app/applet/node_modules/next/dist/compiled/next-server/app-page.runtime.dev.js:35:49776)
    at ab (/app/applet/node_modules/next/dist/compiled/next-server/app-page.runtime.dev.js:35:11808)
    at /app/applet/node_modules/next/dist/compiled/next-server/app-page.runtime.dev.js:35:16871
    at aw (/app/applet/node_modules/next/dist/compiled/next-server/app-page.runtime.dev.js:35:16908)
    at aw (/app/applet/node_modules/next/dist/compiled/next-server/app-page.runtime.dev.js:35:46505)
    at a_ (/app/applet/node_modules/next/dist/compiled/next-server/app-page.runtime.dev.js:35:49776)
    at ab (/app/applet/node_modules/next/dist/compiled/next-server/app-page.runtime.dev.js:35:11808)
    at /app/applet/node_modules/next/dist/compiled/next-server/app-page.runtime.dev.js:35:16871
    at aw (/app/applet/node_modules/next/dist/compiled/next-server/app-page.runtime.dev.js:35:16908)
    at a_ (/app/applet/node_modules/next/dist/compiled/next-server/app-page.runtime.dev.js:35:49776)
TypeError: Cannot read properties of null (reading 'useContext')
    at t.useContext (/app/applet/node_modules/next/dist/compiled/next-server/app-page.runtime.prod.js:12:109421)
    at d (/app/applet/.next/server/chunks/6204.js:1:23125)
    at h (/app/applet/.next/server/chunks/6204.js:1:15027)
    at au (/app/applet/node_modules/next/dist/compiled/next-server/app-page.runtime.dev.js:35:10446)
    at /app/applet/node_modules/next/dist/compiled/next-server/app-page.runtime.dev.js:35:15122
    at aw (/app/applet/node_modules/next/dist/compiled/next-server/app-page.runtime.dev.js:35:16908)
    at a_ (/app/applet/node_modules/next/dist/compiled/next-server/app-page.runtime.dev.js:35:49776)
    at ab (/app/applet/node_modules/next/dist/compiled/next-server/app-page.runtime.dev.js:35:11808)
    at /app/applet/node_modules/next/dist/compiled/next-server/app-page.runtime.dev.js:35:16871
    at aw (/app/applet/node_modules/next/dist/compiled/next-server/app-page.runtime.dev.js:35:16908)
    at aw (/app/applet/node_modules/next/dist/compiled/next-server/app-page.runtime.dev.js:35:46505)
    at a_ (/app/applet/node_modules/next/dist/compiled/next-server/app-page.runtime.dev.js:35:49776)
    at ab (/app/applet/node_modules/next/dist/compiled/next-server/app-page.runtime.dev.js:35:11808)
    at /app/applet/node_modules/next/dist/compiled/next-server/app-page.runtime.dev.js:35:16871
    at aw (/app/applet/node_modules/next/dist/compiled/next-server/app-page.runtime.dev.js:35:16908)
    at a_ (/app/applet/node_modules/next/dist/compiled/next-server/app-page.runtime.dev.js:35:49776) {
  digest: '789080945'
}
TypeError: Cannot read properties of null (reading 'useContext')
    at t.useContext (/app/applet/node_modules/next/dist/compiled/next-server/app-page.runtime.prod.js:12:109421)
    at d (/app/applet/.next/server/chunks/6204.js:1:23125)
    at h (/app/applet/.next/server/chunks/6204.js:1:15027)
    at au (/app/applet/node_modules/next/dist/compiled/next-server/app-page.runtime.dev.js:35:10446)
    at /app/applet/node_modules/next/dist/compiled/next-server/app-page.runtime.dev.js:35:15122
    at aw (/app/applet/node_modules/next/dist/compiled/next-server/app-page.runtime.dev.js:35:16908)
    at a_ (/app/applet/node_modules/next/dist/compiled/next-server/app-page.runtime.dev.js:35:49776)
    at ab (/app/applet/node_modules/next/dist/compiled/next-server/app-page.runtime.dev.js:35:11808)
    at /app/applet/node_modules/next/dist/compiled/next-server/app-page.runtime.dev.js:35:16871
    at aw (/app/applet/node_modules/next/dist/compiled/next-server/app-page.runtime.dev.js:35:16908)
    at aw (/app/applet/node_modules/next/dist/compiled/next-server/app-page.runtime.dev.js:35:46505)
    at a_ (/app/applet/node_modules/next/dist/compiled/next-server/app-page.runtime.dev.js:35:49776)
    at ab (/app/applet/node_modules/next/dist/compiled/next-server/app-page.runtime.dev.js:35:11808)
    at /app/applet/node_modules/next/dist/compiled/next-server/app-page.runtime.dev.js:35:16871
    at aw (/app/applet/node_modules/next/dist/compiled/next-server/app-page.runtime.dev.js:35:16908)
    at a_ (/app/applet/node_modules/next/dist/compiled/next-server/app-page.runtime.dev.js:35:49776)

Error occurred prerendering page "/dashboard/vehicles". Read more: https://nextjs.org/docs/messages/prerender-error

TypeError: Cannot read properties of null (reading 'useContext')
    at t.useContext (/app/applet/node_modules/next/dist/compiled/next-server/app-page.runtime.prod.js:12:109421)
    at d (/app/applet/.next/server/chunks/6204.js:1:23125)
    at h (/app/applet/.next/server/chunks/6204.js:1:15027)
    at au (/app/applet/node_modules/next/dist/compiled/next-server/app-page.runtime.dev.js:35:10446)
    at /app/applet/node_modules/next/dist/compiled/next-server/app-page.runtime.dev.js:35:15122
    at aw (/app/applet/node_modules/next/dist/compiled/next-server/app-page.runtime.dev.js:35:16908)
    at a_ (/app/applet/node_modules/next/dist/compiled/next-server/app-page.runtime.dev.js:35:49776)
    at ab (/app/applet/node_modules/next/dist/compiled/next-server/app-page.runtime.dev.js:35:11808)
    at /app/applet/node_modules/next/dist/compiled/next-server/app-page.runtime.dev.js:35:16871
    at aw (/app/applet/node_modules/next/dist/compiled/next-server/app-page.runtime.dev.js:35:16908)
    at aw (/app/applet/node_modules/next/dist/compiled/next-server/app-page.runtime.dev.js:35:46505)
    at a_ (/app/applet/node_modules/next/dist/compiled/next-server/app-page.runtime.dev.js:35:49776)
    at ab (/app/applet/node_modules/next/dist/compiled/next-server/app-page.runtime.dev.js:35:11808)
    at /app/applet/node_modules/next/dist/compiled/next-server/app-page.runtime.dev.js:35:16871
    at aw (/app/applet/node_modules/next/dist/compiled/next-server/app-page.runtime.dev.js:35:16908)
    at a_ (/app/applet/node_modules/next/dist/compiled/next-server/app-page.runtime.dev.js:35:49776)
 ✓ Generating static pages (50/50)

> Export encountered errors on following paths:
	/_error: /404
	/_error: /500
	/_not-found/page: /_not-found
	/dashboard/agency-registration/page: /dashboard/agency-registration
	/dashboard/agency-registration/print-checklist/page: /dashboard/agency-registration/print-checklist
	/dashboard/agency-registration/print/page: /dashboard/agency-registration/print
	/dashboard/ars/entry/page: /dashboard/ars/entry
	/dashboard/ars/page: /dashboard/ars
	/dashboard/bidders/page: /dashboard/bidders
	/dashboard/collectors-deposit-works/page: /dashboard/collectors-deposit-works
	/dashboard/data-entry/page: /dashboard/data-entry
	/dashboard/e-tender/page: /dashboard/e-tender
	/dashboard/establishment/page: /dashboard/establishment
	/dashboard/file-database/page: /dashboard/file-database
	/dashboard/file-room/page: /dashboard/file-room
	/dashboard/financial-summary/page: /dashboard/financial-summary
	/dashboard/gw-investigation/page: /dashboard/gw-investigation
	/dashboard/gwd-rates/page: /dashboard/gwd-rates
	/dashboard/help/page: /dashboard/help
	/dashboard/logging-pumping-test/page: /dashboard/logging-pumping-test
	/dashboard/page: /dashboard
	/dashboard/pending-updates/page: /dashboard/pending-updates
	/dashboard/plan-fund-works/page: /dashboard/plan-fund-works
	/dashboard/private-deposit-works/page: /dashboard/private-deposit-works
	/dashboard/profile/page: /dashboard/profile
	/dashboard/progress-report/page: /dashboard/progress-report
	/dashboard/report-format-suggestion/page: /dashboard/report-format-suggestion
	/dashboard/reports/page: /dashboard/reports
	/dashboard/settings/page: /dashboard/settings
	/dashboard/super-admin/ars-plan/page: /dashboard/super-admin/ars-plan
	/dashboard/super-admin/establishment/page: /dashboard/super-admin/establishment
	/dashboard/super-admin/gwd-rates/page: /dashboard/super-admin/gwd-rates
	/dashboard/super-admin/office-management/page: /dashboard/super-admin/office-management
	/dashboard/super-admin/page: /dashboard/super-admin
	/dashboard/super-admin/plan-fund-works/page: /dashboard/super-admin/plan-fund-works
	/dashboard/super-admin/profile/page: /dashboard/super-admin/profile
	/dashboard/super-admin/progress-reports/page: /dashboard/super-admin/progress-reports
	/dashboard/super-admin/reports/page: /dashboard/super-admin/reports
	/dashboard/super-admin/rig-registration/page: /dashboard/super-admin/rig-registration
	/dashboard/super-admin/settings/page: /dashboard/super-admin/settings
	/dashboard/super-admin/technical-sanction/page: /dashboard/super-admin/technical-sanction
	/dashboard/super-admin/user-management/page: /dashboard/super-admin/user-management
	/dashboard/super-admin/vehicles/page: /dashboard/super-admin/vehicles
	/dashboard/user-management/page: /dashboard/user-management
	/dashboard/vehicles/page: /dashboard/vehicles
	/login/page: /login
	/page: /
	/register/page: /register
